video_id,movimiento,camara,archivo,resultado,label,codigos,criterios,etiquetador,timestamp
"dl_001","DEADLIFT","3","dl_001_cam3.mp4","valido","1","","","Francisco","2026-06-30 00:50"
"dl_002","DEADLIFT","3","dl_002_cam3.mp4","valido","1","","","Francisco","2026-06-30 00:50"
"dl_003","DEADLIFT","3","dl_003_cam3.mp4","valido","1","","","Francisco","2026-06-30 00:50"
"dl_004","DEADLIFT","3","dl_004_cam3.mp4","valido","1","","","Francisco","2026-06-30 00:50"
"dl_005","DEADLIFT","3","dl_005_cam3.mp4","valido","1","","","Francisco","2026-06-30 00:50"
"dl_006","DEADLIFT","3","dl_006_cam3.mp4","valido","1","","","Francisco","2026-06-30 00:50"
"dl_007","DEADLIFT","3","dl_007_cam3.mp4","valido","1","","","Francisco","2026-06-30 00:50"
"dl_008","DEADLIFT","3","dl_008_cam3.mp4","valido","1","","","Francisco","2026-06-30 00:50"
"dl_009","DEADLIFT","3","dl_009_cam3.mp4","valido","1","","","Francisco","2026-06-30 00:50"
"dl_010","DEADLIFT","3","dl_010_cam3.mp4","valido","1","","","Francisco","2026-06-30 00:50"
"dl_011","DEADLIFT","3","dl_011_cam3.mp4","valido","1","","","Francisco","2026-06-30 00:50"
"dl_012","DEADLIFT","3","dl_012_cam3.mp4","valido","1","","","Francisco","2026-06-30 00:50"
"dl_013","DEADLIFT","3","dl_013_cam3.mp4","valido","1","","","Francisco","2026-06-30 00:50"
"dl_014","DEADLIFT","3","dl_014_cam3.mp4","valido","1","","","Francisco","2026-06-30 00:50"
"dl_015","DEADLIFT","3","dl_015_cam3.mp4","valido","1","","","Francisco","2026-06-30 00:50"
"dl_016","DEADLIFT","3","dl_016_cam3.mp4","valido","1","","","Francisco","2026-06-30 00:50"
"dl_017","DEADLIFT","3","dl_017_cam3.mp4","valido","1","","","Francisco","2026-06-30 00:50"
"dl_018","DEADLIFT","3","dl_018_cam3.mp4","valido","1","","","Francisco","2026-06-30 00:50"
"dl_019","DEADLIFT","3","dl_019_cam3.mp4","valido","1","","","Francisco","2026-06-30 00:50"
"dl_020","DEADLIFT","3","dl_020_cam3.mp4","valido","1","","","Francisco","2026-06-30 00:50"
"dl_021","DEADLIFT","3","dl_021_cam3.mp4","valido","1","","","Francisco","2026-06-30 00:50"
"dl_022","DEADLIFT","3","dl_022_cam3.mp4","valido","1","","","Francisco","2026-06-30 00:50"
"dl_023","DEADLIFT","3","dl_023_cam3.mp4","valido","1","","","Francisco","2026-06-30 00:50"
"dl_024","DEADLIFT","3","dl_024_cam3.mp4","valido","1","","","Francisco","2026-06-30 00:50"
"dl_025","DEADLIFT","3","dl_025_cam3.mp4","valido","1","","","Francisco","2026-06-30 00:50"
"dl_026","DEADLIFT","3","dl_026_cam3.mp4","valido","1","","","Francisco","2026-06-30 00:51"
"dl_027","DEADLIFT","3","dl_027_cam3.mp4","valido","1","","","Francisco","2026-06-30 00:51"
"dl_028","DEADLIFT","3","dl_028_cam3.mp4","valido","1","","","Francisco","2026-06-30 00:51"
"dl_029","DEADLIFT","3","dl_029_cam3.mp4","valido","1","","","Francisco","2026-06-30 00:51"
"dl_030","DEADLIFT","3","dl_030_cam3.mp4","valido","1","","","Francisco","2026-06-30 00:51"
"dl_031","DEADLIFT","3","dl_031_cam3.mp4","valido","1","","","Francisco","2026-06-30 00:51"
"dl_032","DEADLIFT","3","dl_032_cam3.mp4","valido","1","","","Francisco","2026-06-30 00:51"
"dl_033","DEADLIFT","3","dl_033_cam3.mp4","valido","1","","","Francisco","2026-06-30 00:51"
"dl_034","DEADLIFT","3","dl_034_cam3.mp4","valido","1","","","Francisco","2026-06-30 00:51"
"dl_035","DEADLIFT","3","dl_035_cam3.mp4","valido","1","","","Francisco","2026-06-30 00:51"
"dl_036","DEADLIFT","3","dl_036_cam3.mp4","valido","1","","","Francisco","2026-06-30 00:51"
"dl_037","DEADLIFT","3","dl_037_cam3.mp4","valido","1","","","Francisco","2026-06-30 00:51"
"dl_038","DEADLIFT","3","dl_038_cam3.mp4","valido","1","","","Francisco","2026-06-30 00:51"
"dl_039","DEADLIFT","3","dl_039_cam3.mp4","valido","1","","","Francisco","2026-06-30 00:51"
"dl_040","DEADLIFT","3","dl_040_cam3.mp4","valido","1","","","Francisco","2026-06-30 00:51"
"dl_041","DEADLIFT","3","dl_041_cam3.mp4","valido","1","","","Francisco","2026-06-30 00:51"
"dl_042","DEADLIFT","3","dl_042_cam3.mp4","valido","1","","","Francisco","2026-06-30 00:51"
"dl_043","DEADLIFT","3","dl_043_cam3.mp4","valido","1","","","Francisco","2026-06-30 00:51"
"dl_044","DEADLIFT","3","dl_044_cam3.mp4","valido","1","","","Francisco","2026-06-30 00:51"
"dl_045","DEADLIFT","3","dl_045_cam3.mp4","valido","1","","","Francisco","2026-06-30 00:51"
"dl_046","DEADLIFT","3","dl_046_cam3.mp4","valido","1","","","Francisco","2026-06-30 00:51"
"dl_047","DEADLIFT","3","dl_047_cam3.mp4","valido","1","","","Francisco","2026-06-30 00:51"
"dl_048","DEADLIFT","3","dl_048_cam3.mp4","valido","1","","","Francisco","2026-06-30 00:51"
"dl_049","DEADLIFT","3","dl_049_cam3.mp4","valido","1","","","Francisco","2026-06-30 00:51"
"dl_050","DEADLIFT","3","dl_050_cam3.mp4","valido","1","","","Francisco","2026-06-30 00:51"
"dl_051","DEADLIFT","3","dl_051_cam3.mp4","invalido","0","DL-05","Bajar la barra antes de recibir la señal ""Down"" del árbitro jefe","Francisco","2026-06-30 00:52"
"dl_052","DEADLIFT","3","dl_052_cam3.mp4","invalido","0","DL-05","Bajar la barra antes de recibir la señal ""Down"" del árbitro jefe","Francisco","2026-06-30 00:52"
"dl_053","DEADLIFT","3","dl_053_cam3.mp4","invalido","0","DL-05","Bajar la barra antes de recibir la señal ""Down"" del árbitro jefe","Francisco","2026-06-30 00:52"
"dl_054","DEADLIFT","3","dl_054_cam3.mp4","invalido","0","DL-05","Bajar la barra antes de recibir la señal ""Down"" del árbitro jefe","Francisco","2026-06-30 00:52"
"dl_055","DEADLIFT","3","dl_055_cam3.mp4","valido","1","","","Francisco","2026-06-30 00:52"
"dl_056","DEADLIFT","3","dl_056_cam3.mp4","invalido","0","DL-05","Bajar la barra antes de recibir la señal ""Down"" del árbitro jefe","Francisco","2026-06-30 00:53"
"dl_057","DEADLIFT","3","dl_057_cam3.mp4","invalido","0","DL-05","Bajar la barra antes de recibir la señal ""Down"" del árbitro jefe","Francisco","2026-06-30 00:53"
"dl_058","DEADLIFT","3","dl_058_cam3.mp4","invalido","0","DL-05","Bajar la barra antes de recibir la señal ""Down"" del árbitro jefe","Francisco","2026-06-30 00:53"
"dl_059","DEADLIFT","3","dl_059_cam3.mp4","invalido","0","DL-05","Bajar la barra antes de recibir la señal ""Down"" del árbitro jefe","Francisco","2026-06-30 00:53"
"dl_060","DEADLIFT","3","dl_060_cam3.mp4","valido","1","","","Francisco","2026-06-30 00:53"
"dl_061","DEADLIFT","3","dl_061_cam3.mp4","invalido","0","DL-05","Bajar la barra antes de recibir la señal ""Down"" del árbitro jefe","Francisco","2026-06-30 00:54"
"dl_062","DEADLIFT","3","dl_062_cam3.mp4","invalido","0","DL-05","Bajar la barra antes de recibir la señal ""Down"" del árbitro jefe","Francisco","2026-06-30 00:54"
"dl_063","DEADLIFT","3","dl_063_cam3.mp4","invalido","0","DL-05","Bajar la barra antes de recibir la señal ""Down"" del árbitro jefe","Francisco","2026-06-30 00:54"
"dl_064","DEADLIFT","3","dl_064_cam3.mp4","invalido","0","DL-05","Bajar la barra antes de recibir la señal ""Down"" del árbitro jefe","Francisco","2026-06-30 00:54"
"dl_065","DEADLIFT","3","dl_065_cam3.mp4","valido","1","","","Francisco","2026-06-30 00:54"
"dl_066","DEADLIFT","3","dl_066_cam3.mp4","valido","1","","","Francisco","2026-06-30 00:55"
"dl_067","DEADLIFT","3","dl_067_cam3.mp4","valido","1","","","Francisco","2026-06-30 00:55"
"dl_068","DEADLIFT","3","dl_068_cam3.mp4","valido","1","","","Francisco","2026-06-30 00:55"
"dl_069","DEADLIFT","3","dl_069_cam3.mp4","valido","1","","","Francisco","2026-06-30 00:55"
"dl_070","DEADLIFT","3","dl_070_cam3.mp4","valido","1","","","Francisco","2026-06-30 00:55"
"dl_071","DEADLIFT","3","dl_071_cam3.mp4","valido","1","","","Francisco","2026-06-30 00:55"
"dl_072","DEADLIFT","3","dl_072_cam3.mp4","valido","1","","","Francisco","2026-06-30 00:55"
"dl_073","DEADLIFT","3","dl_073_cam3.mp4","invalido","0","DL-08","Incumplimiento de cualquier otro requisito del deadlift","Francisco","2026-06-30 00:55"
"dl_074","DEADLIFT","3","dl_074_cam3.mp4","invalido","0","DL-03","Movimiento descendente de la barra antes de llegar a la posición final","Francisco","2026-06-30 01:00"
"dl_075","DEADLIFT","3","dl_075_cam3.mp4","invalido","0","DL-03","Movimiento descendente de la barra antes de llegar a la posición final","Francisco","2026-06-30 01:00"
"dl_076","DEADLIFT","3","dl_076_cam3.mp4","valido","1","","","Francisco","2026-06-30 01:00"
"dl_077","DEADLIFT","3","dl_077_cam3.mp4","invalido","0","DL-03","Movimiento descendente de la barra antes de llegar a la posición final","Francisco","2026-06-30 01:01"
"dl_078","DEADLIFT","3","dl_078_cam3.mp4","valido","1","","","Francisco","2026-06-30 01:02"
"dl_079","DEADLIFT","3","dl_079_cam3.mp4","invalido","0","DL-03","Movimiento descendente de la barra antes de llegar a la posición final","Francisco","2026-06-30 01:02"
"dl_080","DEADLIFT","3","dl_080_cam3.mp4","valido","1","","","Francisco","2026-06-30 01:03"
"dl_081","DEADLIFT","3","dl_081_cam3.mp4","invalido","0","DL-03","Movimiento descendente de la barra antes de llegar a la posición final","Francisco","2026-06-30 01:03"
"dl_082","DEADLIFT","3","dl_082_cam3.mp4","valido","1","","","Francisco","2026-06-30 19:20"
"dl_083","DEADLIFT","3","dl_083_cam3.mp4","valido","1","","","Francisco","2026-06-30 19:20"
"dl_084","DEADLIFT","3","dl_084_cam3.mp4","valido","1","","","Francisco","2026-06-30 19:20"
"dl_085","DEADLIFT","3","dl_085_cam3.mp4","valido","1","","","Francisco","2026-06-30 19:20"
"dl_086","DEADLIFT","3","dl_086_cam3.mp4","invalido","0","DL-03","Movimiento descendente de la barra antes de llegar a la posición final","Francisco","2026-06-30 19:20"
"dl_087","DEADLIFT","3","dl_087_cam3.mp4","invalido","0","DL-05","Bajar la barra antes de recibir la señal ""Down"" del árbitro jefe","Francisco","2026-06-30 19:21"
"dl_088","DEADLIFT","3","dl_088_cam3.mp4","valido","1","","","Francisco","2026-06-30 19:21"
"dl_089","DEADLIFT","3","dl_089_cam3.mp4","valido","1","","","Francisco","2026-06-30 19:21"
"dl_090","DEADLIFT","3","dl_090_cam3.mp4","valido","1","","","Francisco","2026-06-30 19:22"
"dl_091","DEADLIFT","3","dl_091_cam3.mp4","valido","1","","","Francisco","2026-06-30 19:22"
"dl_092","DEADLIFT","3","dl_092_cam3.mp4","valido","1","","","Francisco","2026-06-30 19:22"
"dl_093","DEADLIFT","3","dl_093_cam3.mp4","valido","1","","","Francisco","2026-06-30 19:22"
"dl_094","DEADLIFT","3","dl_094_cam3.mp4","valido","1","","","Francisco","2026-06-30 19:22"
"dl_095","DEADLIFT","3","dl_095_cam3.mp4","invalido","0","DL-05","Bajar la barra antes de recibir la señal ""Down"" del árbitro jefe","Francisco","2026-06-30 19:23"
"dl_096","DEADLIFT","3","dl_096_cam3.mp4","invalido","0","DL-05","Bajar la barra antes de recibir la señal ""Down"" del árbitro jefe","Francisco","2026-06-30 19:23"
"dl_097","DEADLIFT","3","dl_097_cam3.mp4","invalido","0","DL-05","Bajar la barra antes de recibir la señal ""Down"" del árbitro jefe","Francisco","2026-06-30 19:23"
"dl_098","DEADLIFT","3","dl_098_cam3.mp4","valido","1","","","Francisco","2026-06-30 19:23"
"dl_099","DEADLIFT","3","dl_099_cam3.mp4","valido","1","","","Francisco","2026-06-30 19:29"
"dl_100","DEADLIFT","3","dl_100_cam3.mp4","valido","1","","","Francisco","2026-06-30 19:29"
"dl_101","DEADLIFT","3","dl_101_cam3.mp4","valido","1","","","Francisco","2026-06-30 19:29"
"dl_102","DEADLIFT","3","dl_102_cam3.mp4","valido","1","","","Francisco","2026-06-30 19:29"
"dl_103","DEADLIFT","3","dl_103_cam3.mp4","valido","1","","","Francisco","2026-06-30 19:29"
"dl_104","DEADLIFT","3","dl_104_cam3.mp4","valido","1","","","Francisco","2026-06-30 19:29"
"dl_105","DEADLIFT","3","dl_105_cam3.mp4","valido","1","","","Francisco","2026-06-30 19:30"
"dl_106","DEADLIFT","3","dl_106_cam3.mp4","valido","1","","","Francisco","2026-06-30 19:30"
"dl_107","DEADLIFT","3","dl_107_cam3.mp4","valido","1","","","Francisco","2026-06-30 19:30"
"dl_108","DEADLIFT","3","dl_108_cam3.mp4","valido","1","","","Francisco","2026-06-30 19:30"
"dl_109","DEADLIFT","3","dl_109_cam3.mp4","valido","1","","","Francisco","2026-06-30 19:30"
"dl_110","DEADLIFT","3","dl_110_cam3.mp4","valido","1","","","Francisco","2026-06-30 19:30"
"dl_111","DEADLIFT","3","dl_111_cam3.mp4","valido","1","","","Francisco","2026-06-30 19:30"
"dl_112","DEADLIFT","3","dl_112_cam3.mp4","valido","1","","","Francisco","2026-06-30 19:30"
"dl_113","DEADLIFT","3","dl_113_cam3.mp4","valido","1","","","Francisco","2026-06-30 19:30"
"dl_114","DEADLIFT","3","dl_114_cam3.mp4","valido","1","","","Francisco","2026-06-30 19:30"
"dl_115","DEADLIFT","3","dl_115_cam3.mp4","valido","1","","","Francisco","2026-06-30 19:30"
"dl_116","DEADLIFT","3","dl_116_cam3.mp4","valido","1","","","Francisco","2026-06-30 19:30"
"dl_117","DEADLIFT","3","dl_117_cam3.mp4","valido","1","","","Francisco","2026-06-30 19:30"
"dl_118","DEADLIFT","3","dl_118_cam3.mp4","valido","1","","","Francisco","2026-06-30 19:30"
"dl_119","DEADLIFT","3","dl_119_cam3.mp4","valido","1","","","Francisco","2026-06-30 19:30"
"dl_120","DEADLIFT","3","dl_120_cam3.mp4","valido","1","","","Francisco","2026-06-30 19:30"
"dl_121","DEADLIFT","3","dl_121_cam3.mp4","valido","1","","","Francisco","2026-06-30 19:30"
"dl_122","DEADLIFT","3","dl_122_cam3.mp4","valido","1","","","Francisco","2026-06-30 19:30"
"dl_123","DEADLIFT","3","dl_123_cam3.mp4","valido","1","","","Francisco","2026-06-30 19:30"
"dl_124","DEADLIFT","3","dl_124_cam3.mp4","valido","1","","","Francisco","2026-06-30 19:30"
"dl_125","DEADLIFT","3","dl_125_cam3.mp4","valido","1","","","Francisco","2026-06-30 19:30"
"dl_126","DEADLIFT","3","dl_126_cam3.mp4","valido","1","","","Francisco","2026-06-30 19:30"
"dl_127","DEADLIFT","3","dl_127_cam3.mp4","valido","1","","","Francisco","2026-06-30 19:30"
"dl_128","DEADLIFT","3","dl_128_cam3.mp4","valido","1","","","Francisco","2026-06-30 19:30"
"dl_129","DEADLIFT","3","dl_129_cam3.mp4","valido","1","","","Francisco","2026-06-30 19:30"
"dl_130","DEADLIFT","3","dl_130_cam3.mp4","valido","1","","","Francisco","2026-06-30 19:30"
"dl_131","DEADLIFT","3","dl_131_cam3.mp4","valido","1","","","Francisco","2026-06-30 19:30"
"dl_132","DEADLIFT","3","dl_132_cam3.mp4","valido","1","","","Francisco","2026-06-30 19:30"
"dl_133","DEADLIFT","3","dl_133_cam3.mp4","valido","1","","","Francisco","2026-06-30 19:30"
"dl_134","DEADLIFT","3","dl_134_cam3.mp4","valido","1","","","Francisco","2026-06-30 19:30"
"dl_135","DEADLIFT","3","dl_135_cam3.mp4","valido","1","","","Francisco","2026-06-30 19:30"
"dl_136","DEADLIFT","3","dl_136_cam3.mp4","valido","1","","","Francisco","2026-06-30 19:30"
"dl_137","DEADLIFT","3","dl_137_cam3.mp4","valido","1","","","Francisco","2026-06-30 19:30"
"dl_138","DEADLIFT","3","dl_138_cam3.mp4","valido","1","","","Francisco","2026-06-30 19:30"
"dl_139","DEADLIFT","3","dl_139_cam3.mp4","valido","1","","","Francisco","2026-06-30 19:30"
"dl_140","DEADLIFT","3","dl_140_cam3.mp4","valido","1","","","Francisco","2026-06-30 19:30"
"dl_141","DEADLIFT","3","dl_141_cam3.mp4","valido","1","","","Francisco","2026-06-30 19:30"
"dl_142","DEADLIFT","3","dl_142_cam3.mp4","valido","1","","","Francisco","2026-06-30 19:30"
"dl_143","DEADLIFT","3","dl_143_cam3.mp4","valido","1","","","Francisco","2026-06-30 19:48"
"dl_144","DEADLIFT","3","dl_144_cam3.mp4","invalido","0","","","Francisco","2026-06-30 19:50"
"dl_145","DEADLIFT","3","dl_145_cam3.mp4","invalido","0","","","Francisco","2026-06-30 19:50"
"dl_146","DEADLIFT","3","dl_146_cam3.mp4","invalido","0","","","Francisco","2026-06-30 19:50"
"dl_147","DEADLIFT","3","dl_147_cam3.mp4","invalido","0","","","Francisco","2026-06-30 19:50"
"dl_148","DEADLIFT","3","dl_148_cam3.mp4","invalido","0","","","Francisco","2026-06-30 19:50"
"dl_149","DEADLIFT","3","dl_149_cam3.mp4","invalido","0","","","Francisco","2026-06-30 19:50"
"dl_150","DEADLIFT","3","dl_150_cam3.mp4","invalido","0","","","Francisco","2026-06-30 19:50"
"dl_151","DEADLIFT","3","dl_151_cam3.mp4","valido","1","","","Francisco","2026-06-30 19:48"
"dl_152","DEADLIFT","3","dl_152_cam3.mp4","valido","1","","","Francisco","2026-06-30 19:48"
"dl_153","DEADLIFT","3","dl_153_cam3.mp4","valido","1","","","Francisco","2026-06-30 19:48"
"dl_154","DEADLIFT","3","dl_154_cam3.mp4","valido","1","","","Francisco","2026-06-30 19:48"
"dl_155","DEADLIFT","3","dl_155_cam3.mp4","valido","1","","","Francisco","2026-06-30 19:48"
"dl_156","DEADLIFT","3","dl_156_cam3.mp4","valido","1","","","Francisco","2026-06-30 19:48"
"dl_157","DEADLIFT","3","dl_157_cam3.mp4","invalido","0","DL-05","Bajar la barra antes de recibir la señal ""Down"" del árbitro jefe","Francisco","2026-06-30 19:51"
"dl_158","DEADLIFT","3","dl_158_cam3.mp4","invalido","0","DL-01","No bloquear las rodillas completamente al finalizar","Francisco","2026-06-30 19:56"
"dl_159","DEADLIFT","3","dl_159_cam3.mp4","invalido","0","DL-01","No bloquear las rodillas completamente al finalizar","Francisco","2026-06-30 19:56"
"dl_160","DEADLIFT","3","dl_160_cam3.mp4","invalido","0","DL-01","No bloquear las rodillas completamente al finalizar","Francisco","2026-06-30 19:56"
"dl_161","DEADLIFT","3","dl_161_cam3.mp4","invalido","0","DL-01","No bloquear las rodillas completamente al finalizar","Francisco","2026-06-30 19:56"
"dl_162","DEADLIFT","3","dl_162_cam3.mp4","invalido","0","DL-01","No bloquear las rodillas completamente al finalizar","Francisco","2026-06-30 19:56"
"dl_163","DEADLIFT","3","dl_163_cam3.mp4","invalido","0","DL-01","No bloquear las rodillas completamente al finalizar","Francisco","2026-06-30 19:57"
"dl_164","DEADLIFT","3","dl_164_cam3.mp4","invalido","0","DL-01","No bloquear las rodillas completamente al finalizar","Francisco","2026-06-30 19:57"
"dl_165","DEADLIFT","3","dl_165_cam3.mp4","valido","1","","","Francisco","2026-06-30 20:00"
"dl_166","DEADLIFT","3","dl_166_cam3.mp4","valido","1","","","Francisco","2026-06-30 20:00"
"dl_167","DEADLIFT","3","dl_167_cam3.mp4","valido","1","","","Francisco","2026-06-30 20:00"
"dl_168","DEADLIFT","3","dl_168_cam3.mp4","valido","1","","","Francisco","2026-06-30 20:00"
"dl_169","DEADLIFT","3","dl_169_cam3.mp4","valido","1","","","Francisco","2026-06-30 20:00"
"dl_170","DEADLIFT","3","dl_170_cam3.mp4","valido","1","","","Francisco","2026-06-30 20:00"
"dl_171","DEADLIFT","3","dl_171_cam3.mp4","valido","1","","","Francisco","2026-06-30 20:00"
"dl_172","DEADLIFT","3","dl_172_cam3.mp4","valido","1","","","Francisco","2026-06-30 20:00"
"dl_173","DEADLIFT","3","dl_173_cam3.mp4","valido","1","","","Francisco","2026-06-30 20:00"
"dl_174","DEADLIFT","3","dl_174_cam3.mp4","valido","1","","","Francisco","2026-06-30 20:01"
"dl_175","DEADLIFT","3","dl_175_cam3.mp4","valido","1","","","Francisco","2026-06-30 20:01"
"dl_176","DEADLIFT","3","dl_176_cam3.mp4","invalido","0","DL-05","Bajar la barra antes de recibir la señal ""Down"" del árbitro jefe","Francisco","2026-06-30 20:02"
"dl_177","DEADLIFT","3","dl_177_cam3.mp4","valido","1","","","Francisco","2026-06-30 20:02"
"dl_178","DEADLIFT","3","dl_178_cam3.mp4","invalido","0","DL-05","Bajar la barra antes de recibir la señal ""Down"" del árbitro jefe","Francisco","2026-06-30 20:04"
"dl_179","DEADLIFT","3","dl_179_cam3.mp4","invalido","0","DL-05","Bajar la barra antes de recibir la señal ""Down"" del árbitro jefe","Francisco","2026-06-30 20:04"
"dl_180","DEADLIFT","3","dl_180_cam3.mp4","invalido","0","DL-05","Bajar la barra antes de recibir la señal ""Down"" del árbitro jefe","Francisco","2026-06-30 20:04"
"dl_181","DEADLIFT","3","dl_181_cam3.mp4","valido","1","","","Francisco","2026-06-30 20:04"
"dl_182","DEADLIFT","3","dl_182_cam3.mp4","invalido","0","DL-05","Bajar la barra antes de recibir la señal ""Down"" del árbitro jefe","Francisco","2026-06-30 20:05"
"dl_183","DEADLIFT","3","dl_183_cam3.mp4","invalido","0","DL-05","Bajar la barra antes de recibir la señal ""Down"" del árbitro jefe","Francisco","2026-06-30 20:05"
"dl_184","DEADLIFT","3","dl_184_cam3.mp4","valido","1","","","Francisco","2026-06-30 20:05"
"dl_185","DEADLIFT","3","dl_185_cam3.mp4","valido","1","","","Francisco","2026-06-30 20:10"
"dl_186","DEADLIFT","3","dl_186_cam3.mp4","valido","1","","","Francisco","2026-06-30 20:10"
"dl_187","DEADLIFT","3","dl_187_cam3.mp4","valido","1","","","Francisco","2026-06-30 20:10"
"dl_188","DEADLIFT","3","dl_188_cam3.mp4","valido","1","","","Francisco","2026-06-30 20:10"
"dl_189","DEADLIFT","3","dl_189_cam3.mp4","valido","1","","","Francisco","2026-06-30 20:10"
"dl_190","DEADLIFT","3","dl_190_cam3.mp4","valido","1","","","Francisco","2026-06-30 20:10"
"dl_191","DEADLIFT","3","dl_191_cam3.mp4","valido","1","","","Francisco","2026-06-30 20:10"
"dl_192","DEADLIFT","3","dl_192_cam3.mp4","valido","1","","","Francisco","2026-06-30 20:10"
"dl_193","DEADLIFT","3","dl_193_cam3.mp4","valido","1","","","Francisco","2026-06-30 20:10"
"dl_194","DEADLIFT","3","dl_194_cam3.mp4","valido","1","","","Francisco","2026-06-30 20:10"
"dl_195","DEADLIFT","3","dl_195_cam3.mp4","valido","1","","","Francisco","2026-06-30 20:16"
"dl_196","DEADLIFT","3","dl_196_cam3.mp4","valido","1","","","Francisco","2026-06-30 20:16"
"dl_197","DEADLIFT","3","dl_197_cam3.mp4","valido","1","","","Francisco","2026-06-30 20:16"
"dl_198","DEADLIFT","3","dl_198_cam3.mp4","valido","1","","","Francisco","2026-06-30 20:16"
"dl_199","DEADLIFT","3","dl_199_cam3.mp4","valido","1","","","Francisco","2026-06-30 20:16"
"dl_200","DEADLIFT","3","dl_200_cam3.mp4","valido","1","","","Francisco","2026-06-30 20:16"
"dl_201","DEADLIFT","3","dl_201_cam3.mp4","valido","1","","","Francisco","2026-06-30 20:16"
"dl_202","DEADLIFT","3","dl_202_cam3.mp4","valido","1","","","Francisco","2026-06-30 20:16"
"dl_203","DEADLIFT","3","dl_203_cam3.mp4","valido","1","","","Francisco","2026-06-30 20:16"
"dl_204","DEADLIFT","3","dl_204_cam3.mp4","valido","1","","","Francisco","2026-06-30 20:16"
"dl_205","DEADLIFT","3","dl_205_cam3.mp4","valido","1","","","Francisco","2026-06-30 20:16"
"dl_206","DEADLIFT","3","dl_206_cam3.mp4","valido","1","","","Francisco","2026-06-30 20:16"
"dl_207","DEADLIFT","3","dl_207_cam3.mp4","valido","1","","","Francisco","2026-06-30 20:16"
"dl_208","DEADLIFT","3","dl_208_cam3.mp4","valido","1","","","Francisco","2026-06-30 20:16"
"dl_209","DEADLIFT","3","dl_209_cam3.mp4","valido","1","","","Francisco","2026-06-30 20:16"
"dl_210","DEADLIFT","3","dl_210_cam3.mp4","valido","1","","","Francisco","2026-06-30 20:16"
"dl_211","DEADLIFT","3","dl_211_cam3.mp4","valido","1","","","Francisco","2026-06-30 20:16"
"dl_212","DEADLIFT","3","dl_212_cam3.mp4","valido","1","","","Francisco","2026-06-30 20:16"
"dl_213","DEADLIFT","3","dl_213_cam3.mp4","valido","1","","","Francisco","2026-06-30 20:16"
"dl_214","DEADLIFT","3","dl_214_cam3.mp4","valido","1","","","Francisco","2026-06-30 20:16"
"dl_215","DEADLIFT","3","dl_215_cam3.mp4","valido","1","","","Francisco","2026-06-30 20:16"
"dl_216","DEADLIFT","3","dl_216_cam3.mp4","valido","1","","","Francisco","2026-06-30 20:16"
"dl_217","DEADLIFT","3","dl_217_cam3.mp4","valido","1","","","Francisco","2026-06-30 20:16"
"dl_218","DEADLIFT","3","dl_218_cam3.mp4","valido","1","","","Francisco","2026-06-30 20:16"
"dl_219","DEADLIFT","3","dl_219_cam3.mp4","valido","1","","","Francisco","2026-06-30 20:16"
"dl_220","DEADLIFT","3","dl_220_cam3.mp4","valido","1","","","Francisco","2026-06-30 20:16"
"dl_221","DEADLIFT","3","dl_221_cam3.mp4","valido","1","","","Francisco","2026-06-30 20:16"
"dl_222","DEADLIFT","3","dl_222_cam3.mp4","valido","1","","","Francisco","2026-06-30 20:16"
"dl_223","DEADLIFT","3","dl_223_cam3.mp4","valido","1","","","Francisco","2026-06-30 20:16"
"dl_224","DEADLIFT","3","dl_224_cam3.mp4","valido","1","","","Francisco","2026-06-30 20:16"
"dl_225","DEADLIFT","3","dl_225_cam3.mp4","valido","1","","","Francisco","2026-06-30 20:16"
"dl_226","DEADLIFT","3","dl_226_cam3.mp4","valido","1","","","Francisco","2026-06-30 20:16"
"dl_227","DEADLIFT","3","dl_227_cam3.mp4","valido","1","","","Francisco","2026-06-30 20:16"
"dl_228","DEADLIFT","3","dl_228_cam3.mp4","valido","1","","","Francisco","2026-06-30 20:16"
"dl_229","DEADLIFT","3","dl_229_cam3.mp4","valido","1","","","Francisco","2026-06-30 20:20"
"dl_230","DEADLIFT","3","dl_230_cam3.mp4","invalido","0","","","Francisco","2026-06-30 20:21"
"dl_231","DEADLIFT","3","dl_231_cam3.mp4","invalido","0","DL-04","Apoyo de la barra sobre los muslos durante el levantamiento (hitching)","Francisco","2026-06-30 20:22"
"dl_232","DEADLIFT","3","dl_232_cam3.mp4","invalido","0","","","Francisco","2026-06-30 20:23"
"dl_233","DEADLIFT","3","dl_233_cam3.mp4","invalido","0","DL-02","No quedar erguido con hombros atrás — deltoides detrás de proyección imaginaria de la barra","Francisco","2026-06-30 20:23"
"dl_234","DEADLIFT","3","dl_234_cam3.mp4","invalido","0","DL-02","No quedar erguido con hombros atrás — deltoides detrás de proyección imaginaria de la barra","Francisco","2026-06-30 20:24"
"dl_235","DEADLIFT","3","dl_235_cam3.mp4","valido","1","","","Francisco","2026-06-30 20:24"
"dl_236","DEADLIFT","3","dl_236_cam3.mp4","invalido","0","DL-02","No quedar erguido con hombros atrás — deltoides detrás de proyección imaginaria de la barra","Francisco","2026-06-30 20:25"
"dl_237","DEADLIFT","3","dl_237_cam3.mp4","invalido","0","DL-02","No quedar erguido con hombros atrás — deltoides detrás de proyección imaginaria de la barra","Francisco","2026-06-30 20:26"
"dl_238","DEADLIFT","3","dl_238_cam3.mp4","invalido","0","DL-02","No quedar erguido con hombros atrás — deltoides detrás de proyección imaginaria de la barra","Francisco","2026-06-30 20:26"
"dl_239","DEADLIFT","3","dl_239_cam3.mp4","invalido","0","","","Francisco","2026-06-30 20:26"
"dl_240","DEADLIFT","3","dl_240_cam3.mp4","invalido","0","DL-05","Bajar la barra antes de recibir la señal ""Down"" del árbitro jefe","Francisco","2026-06-30 20:26"
"dl_241","DEADLIFT","3","dl_241_cam3.mp4","valido","1","","","Francisco","2026-06-30 20:27"
"dl_242","DEADLIFT","3","dl_242_cam3.mp4","valido","1","","","Francisco","2026-06-30 20:27"
"dl_243","DEADLIFT","3","dl_243_cam3.mp4","valido","1","","","Francisco","2026-06-30 20:28"
"dl_244","DEADLIFT","3","dl_244_cam3.mp4","valido","1","","","Francisco","2026-06-30 20:28"
"dl_245","DEADLIFT","3","dl_245_cam3.mp4","valido","1","","","Francisco","2026-06-30 20:28"
"dl_246","DEADLIFT","3","dl_246_cam3.mp4","valido","1","","","Francisco","2026-06-30 20:28"
"dl_247","DEADLIFT","3","dl_247_cam3.mp4","valido","1","","","Francisco","2026-06-30 20:28"
"dl_248","DEADLIFT","3","dl_248_cam3.mp4","invalido","0","","","Francisco","2026-06-30 20:29"
"dl_249","DEADLIFT","3","dl_249_cam3.mp4","invalido","0","DL-08","Incumplimiento de cualquier otro requisito del deadlift","Francisco","2026-06-30 20:30"
"dl_250","DEADLIFT","3","dl_250_cam3.mp4","invalido","0","DL-03","Movimiento descendente de la barra antes de llegar a la posición final","Francisco","2026-06-30 20:30"
"dl_251","DEADLIFT","3","dl_251_cam3.mp4","invalido","0","DL-03","Movimiento descendente de la barra antes de llegar a la posición final","Francisco","2026-06-30 20:31"
"dl_252","DEADLIFT","3","dl_252_cam3.mp4","invalido","0","","","Francisco","2026-06-30 20:31"
"dl_253","DEADLIFT","3","dl_253_cam3.mp4","invalido","0","DL-02","No quedar erguido con hombros atrás — deltoides detrás de proyección imaginaria de la barra","Francisco","2026-06-30 20:31"
"dl_254","DEADLIFT","3","dl_254_cam3.mp4","valido","1","","","Francisco","2026-06-30 20:32"
"dl_255","DEADLIFT","3","dl_255_cam3.mp4","invalido","0","DL-04","Apoyo de la barra sobre los muslos durante el levantamiento (hitching)","Francisco","2026-06-30 20:32"
"dl_256","DEADLIFT","3","dl_256_cam3.mp4","invalido","0","","","Francisco","2026-06-30 20:32"
"dl_257","DEADLIFT","3","dl_257_cam3.mp4","invalido","0","","","Francisco","2026-06-30 20:32"
"dl_258","DEADLIFT","3","dl_258_cam3.mp4","invalido","0","","","Francisco","2026-06-30 20:33"
"dl_259","DEADLIFT","3","dl_259_cam3.mp4","valido","1","","","Francisco","2026-06-30 20:33"
"dl_260","DEADLIFT","1","dl_260_cam1.mp4","invalido","0","DL-03","Movimiento descendente de la barra antes de llegar a la posición final","Sin nombre","2026-09-11 03:14"
"dl_261","DEADLIFT","1","dl_261_cam1.mp4","invalido","0","DL-03","Movimiento descendente de la barra antes de llegar a la posición final","Sin nombre","2026-09-11 03:14"
"dl_262","DEADLIFT","1","dl_262_cam1.mp4","invalido","0","DL-03","Movimiento descendente de la barra antes de llegar a la posición final","Sin nombre","2026-09-11 03:14"
"dl_263","DEADLIFT","1","dl_263_cam1.mp4","invalido","0","DL-03","Movimiento descendente de la barra antes de llegar a la posición final","Sin nombre","2026-09-11 03:14"
"dl_264","DEADLIFT","1","dl_264_cam1.mp4","invalido","0","DL-03","Movimiento descendente de la barra antes de llegar a la posición final","Sin nombre","2026-09-11 03:14"
"dl_265","DEADLIFT","1","dl_265_cam1.mp4","invalido","0","DL-03","Movimiento descendente de la barra antes de llegar a la posición final","Sin nombre","2026-09-11 03:14"
"dl_266","DEADLIFT","1","dl_266_cam1.mp4","invalido","0","DL-02","No quedar erguido con hombros atrás — deltoides detrás de proyección imaginaria de la barra","Sin nombre","2026-09-11 03:14"
"dl_267","DEADLIFT","1","dl_267_cam1.mp4","invalido","0","DL-02","No quedar erguido con hombros atrás — deltoides detrás de proyección imaginaria de la barra","Sin nombre","2026-09-11 03:14"
"dl_268","DEADLIFT","1","dl_268_cam1.mp4","invalido","0","DL-02","No quedar erguido con hombros atrás — deltoides detrás de proyección imaginaria de la barra","Sin nombre","2026-09-11 03:15"
"dl_269","DEADLIFT","1","dl_269_cam1.mp4","invalido","0","DL-02","No quedar erguido con hombros atrás — deltoides detrás de proyección imaginaria de la barra","Sin nombre","2026-09-11 03:15"
"dl_270","DEADLIFT","1","dl_270_cam1.mp4","invalido","0","DL-02","No quedar erguido con hombros atrás — deltoides detrás de proyección imaginaria de la barra","Sin nombre","2026-09-11 03:15"
"dl_271","DEADLIFT","1","dl_271_cam1.mp4","invalido","0","DL-03","Movimiento descendente de la barra antes de llegar a la posición final","Sin nombre","2026-09-11 03:15"
"dl_272","DEADLIFT","1","dl_272_cam1.mp4","valido","1","","","Sin nombre","2026-09-11 03:16"
"dl_273","DEADLIFT","1","dl_273_cam1.mp4","valido","1","","","Sin nombre","2026-09-11 03:16"
"dl_274","DEADLIFT","1","dl_274_cam1.mp4","valido","1","","","Sin nombre","2026-09-11 03:16"
"dl_275","DEADLIFT","1","dl_275_cam1.mp4","valido","1","","","Sin nombre","2026-09-11 03:16"
"dl_276","DEADLIFT","1","dl_276_cam1.mp4","invalido","0","DL-02","No quedar erguido con hombros atrás — deltoides detrás de proyección imaginaria de la barra","Sin nombre","2026-09-11 03:16"
"dl_277","DEADLIFT","1","dl_277_cam1.mp4","invalido","0","DL-02","No quedar erguido con hombros atrás — deltoides detrás de proyección imaginaria de la barra","Sin nombre","2026-09-11 03:16"
"dl_278","DEADLIFT","1","dl_278_cam1.mp4","invalido","0","DL-02","No quedar erguido con hombros atrás — deltoides detrás de proyección imaginaria de la barra","Sin nombre","2026-09-11 03:17"
"dl_279","DEADLIFT","1","dl_279_cam1.mp4","valido","1","","","Sin nombre","2026-09-11 03:17"
"dl_280","DEADLIFT","1","dl_280_cam1.mp4","valido","1","","","Sin nombre","2026-09-11 03:17"
"dl_281","DEADLIFT","1","dl_281_cam1.mp4","invalido","0","DL-02|DL-03","No quedar erguido con hombros atrás — deltoides detrás de proyección imaginaria de la barra | Movimiento descendente de la barra antes de llegar a la posición final","Sin nombre","2026-09-11 03:17"
"dl_282","DEADLIFT","1","dl_282_cam1.mp4","invalido","0","DL-02","No quedar erguido con hombros atrás — deltoides detrás de proyección imaginaria de la barra","Sin nombre","2026-09-11 03:17"
"dl_283","DEADLIFT","1","dl_283_cam1.mp4","invalido","0","DL-02","No quedar erguido con hombros atrás — deltoides detrás de proyección imaginaria de la barra","Sin nombre","2026-09-11 03:17"
"dl_284","DEADLIFT","1","dl_284_cam1.mp4","invalido","0","DL-02","No quedar erguido con hombros atrás — deltoides detrás de proyección imaginaria de la barra","Sin nombre","2026-09-11 03:17"
"dl_285","DEADLIFT","1","dl_285_cam1.mp4","valido","1","","","Sin nombre","2026-09-11 03:18"
"dl_286","DEADLIFT","1","dl_286_cam1.mp4","valido","1","","","Sin nombre","2026-09-11 03:18"
"dl_287","DEADLIFT","1","dl_287_cam1.mp4","invalido","0","DL-03","Movimiento descendente de la barra antes de llegar a la posición final","Sin nombre","2026-09-11 03:18"
"dl_288","DEADLIFT","1","dl_288_cam1.mp4","invalido","0","DL-02","No quedar erguido con hombros atrás — deltoides detrás de proyección imaginaria de la barra","Sin nombre","2026-09-11 03:18"
"dl_289","DEADLIFT","1","dl_289_cam1.mp4","valido","1","","","Sin nombre","2026-09-11 03:18"
"dl_290","DEADLIFT","1","dl_290_cam1.mp4","invalido","0","DL-06","Soltar la barra sin mantener control con ambas manos","Sin nombre","2026-09-11 03:18"
"dl_291","DEADLIFT","1","dl_291_cam1.mp4","invalido","0","DL-02","No quedar erguido con hombros atrás — deltoides detrás de proyección imaginaria de la barra","Sin nombre","2026-09-11 03:19"
"dl_292","DEADLIFT","1","dl_292_cam1.mp4","invalido","0","DL-02","No quedar erguido con hombros atrás — deltoides detrás de proyección imaginaria de la barra","Sin nombre","2026-09-11 03:19"
"dl_293","DEADLIFT","1","dl_293_cam1.mp4","valido","1","","","Sin nombre","2026-09-11 03:19"
"dl_294","DEADLIFT","1","dl_294_cam1.mp4","valido","1","","","Sin nombre","2026-09-11 03:20"
"dl_295","DEADLIFT","1","dl_295_cam1.mp4","invalido","0","DL-03","Movimiento descendente de la barra antes de llegar a la posición final","Sin nombre","2026-09-11 03:20"
"dl_296","DEADLIFT","1","dl_296_cam1.mp4","invalido","0","DL-02","No quedar erguido con hombros atrás — deltoides detrás de proyección imaginaria de la barra","Sin nombre","2026-09-11 03:20"
"dl_297","DEADLIFT","1","dl_297_cam1.mp4","invalido","0","DL-02","No quedar erguido con hombros atrás — deltoides detrás de proyección imaginaria de la barra","Sin nombre","2026-09-11 03:21"
"dl_298","DEADLIFT","1","dl_298_cam1.mp4","invalido","0","DL-02","No quedar erguido con hombros atrás — deltoides detrás de proyección imaginaria de la barra","Sin nombre","2026-09-11 03:21"
"dl_299","DEADLIFT","1","dl_299_cam1.mp4","invalido","0","DL-02","No quedar erguido con hombros atrás — deltoides detrás de proyección imaginaria de la barra","Sin nombre","2026-09-11 03:21"
"dl_300","DEADLIFT","1","dl_300_cam1.mp4","valido","1","","","Sin nombre","2026-09-11 03:21"
"dl_301","DEADLIFT","1","dl_301_cam1.mp4","invalido","0","DL-02","No quedar erguido con hombros atrás — deltoides detrás de proyección imaginaria de la barra","Sin nombre","2026-09-11 03:21"
"dl_302","DEADLIFT","1","dl_302_cam1.mp4","valido","1","","","Sin nombre","2026-09-11 03:21"
"dl_303","DEADLIFT","1","dl_303_cam1.mp4","valido","1","","","Sin nombre","2026-09-11 03:21"
"dl_304","DEADLIFT","1","dl_304_cam1.mp4","valido","1","","","Sin nombre","2026-09-11 03:22"
"dl_305","DEADLIFT","1","dl_305_cam1.mp4","valido","1","","","Sin nombre","2026-09-11 03:22"
"dl_306","DEADLIFT","1","dl_306_cam1.mp4","invalido","0","DL-02","No quedar erguido con hombros atrás — deltoides detrás de proyección imaginaria de la barra","Sin nombre","2026-09-11 03:22"
"dl_307","DEADLIFT","1","dl_307_cam1.mp4","invalido","0","DL-02","No quedar erguido con hombros atrás — deltoides detrás de proyección imaginaria de la barra","Sin nombre","2026-09-11 03:22"
"dl_308","DEADLIFT","1","dl_308_cam1.mp4","invalido","0","DL-02","No quedar erguido con hombros atrás — deltoides detrás de proyección imaginaria de la barra","Sin nombre","2026-09-11 03:22"
"dl_309","DEADLIFT","1","dl_309_cam1.mp4","invalido","0","DL-02","No quedar erguido con hombros atrás — deltoides detrás de proyección imaginaria de la barra","Sin nombre","2026-09-11 03:22"
"dl_310","DEADLIFT","1","dl_310_cam1.mp4","invalido","0","DL-02","No quedar erguido con hombros atrás — deltoides detrás de proyección imaginaria de la barra","Sin nombre","2026-09-11 03:22"
"dl_311","DEADLIFT","1","dl_311_cam1.mp4","invalido","0","DL-02","No quedar erguido con hombros atrás — deltoides detrás de proyección imaginaria de la barra","Sin nombre","2026-09-11 03:22"
"dl_312","DEADLIFT","1","dl_312_cam1.mp4","invalido","0","DL-02","No quedar erguido con hombros atrás — deltoides detrás de proyección imaginaria de la barra","Sin nombre","2026-09-11 03:23"
"dl_313","DEADLIFT","1","dl_313_cam1.mp4","valido","1","","","Sin nombre","2026-09-11 03:23"
"dl_314","DEADLIFT","1","dl_314_cam1.mp4","invalido","0","DL-02","No quedar erguido con hombros atrás — deltoides detrás de proyección imaginaria de la barra","Sin nombre","2026-09-11 03:23"
"dl_315","DEADLIFT","1","dl_315_cam1.mp4","invalido","0","DL-03","Movimiento descendente de la barra antes de llegar a la posición final","Sin nombre","2026-09-11 03:23"
"dl_316","DEADLIFT","1","dl_316_cam1.mp4","invalido","0","DL-03","Movimiento descendente de la barra antes de llegar a la posición final","Sin nombre","2026-09-11 03:24"
"dl_317","DEADLIFT","1","dl_317_cam1.mp4","invalido","0","DL-02","No quedar erguido con hombros atrás — deltoides detrás de proyección imaginaria de la barra","Sin nombre","2026-09-11 03:24"
"dl_318","DEADLIFT","1","dl_318_cam1.mp4","valido","1","","","Sin nombre","2026-09-11 03:24"
"dl_319","DEADLIFT","1","dl_319_cam1.mp4","invalido","0","DL-06|DL-02","Soltar la barra sin mantener control con ambas manos | No quedar erguido con hombros atrás — deltoides detrás de proyección imaginaria de la barra","Sin nombre","2026-09-11 03:24"
"dl_320","DEADLIFT","1","dl_320_cam1.mp4","invalido","0","DL-06","Soltar la barra sin mantener control con ambas manos","Sin nombre","2026-09-11 03:24"
"dl_321","DEADLIFT","1","dl_321_cam1.mp4","invalido","0","DL-02","No quedar erguido con hombros atrás — deltoides detrás de proyección imaginaria de la barra","Sin nombre","2026-09-11 03:24"
"dl_322","DEADLIFT","1","dl_322_cam1.mp4","invalido","0","DL-02","No quedar erguido con hombros atrás — deltoides detrás de proyección imaginaria de la barra","Sin nombre","2026-09-11 03:24"
"dl_323","DEADLIFT","1","dl_323_cam1.mp4","invalido","0","DL-02","No quedar erguido con hombros atrás — deltoides detrás de proyección imaginaria de la barra","Sin nombre","2026-09-11 03:24"
"dl_324","DEADLIFT","1","dl_324_cam1.mp4","invalido","0","DL-06|DL-03","Soltar la barra sin mantener control con ambas manos | Movimiento descendente de la barra antes de llegar a la posición final","Sin nombre","2026-09-11 03:24"
"dl_325","DEADLIFT","1","dl_325_cam1.mp4","valido","1","","","Sin nombre","2026-09-11 03:25"
"dl_326","DEADLIFT","1","dl_326_cam1.mp4","valido","1","","","Sin nombre","2026-09-11 03:25"
"dl_327","DEADLIFT","1","dl_327_cam1.mp4","invalido","0","DL-02","No quedar erguido con hombros atrás — deltoides detrás de proyección imaginaria de la barra","Sin nombre","2026-09-11 03:25"
"dl_328","DEADLIFT","1","dl_328_cam1.mp4","invalido","0","DL-03","Movimiento descendente de la barra antes de llegar a la posición final","Sin nombre","2026-09-11 03:26"
"dl_329","DEADLIFT","1","dl_329_cam1.mp4","valido","1","","","Sin nombre","2026-09-11 03:26"
"dl_330","DEADLIFT","1","dl_330_cam1.mp4","invalido","0","DL-03","Movimiento descendente de la barra antes de llegar a la posición final","Sin nombre","2026-09-11 03:26"
"dl_331","DEADLIFT","1","dl_331_cam1.mp4","invalido","0","DL-02","No quedar erguido con hombros atrás — deltoides detrás de proyección imaginaria de la barra","Sin nombre","2026-09-11 03:26"
"dl_332","DEADLIFT","1","dl_332_cam1.mp4","invalido","0","DL-02","No quedar erguido con hombros atrás — deltoides detrás de proyección imaginaria de la barra","Sin nombre","2026-09-11 03:26"
"dl_333","DEADLIFT","1","dl_333_cam1.mp4","invalido","0","DL-02","No quedar erguido con hombros atrás — deltoides detrás de proyección imaginaria de la barra","Sin nombre","2026-09-11 03:26"
"dl_334","DEADLIFT","1","dl_334_cam1.mp4","invalido","0","DL-02","No quedar erguido con hombros atrás — deltoides detrás de proyección imaginaria de la barra","Sin nombre","2026-09-11 03:27"
"dl_335","DEADLIFT","1","dl_335_cam1.mp4","valido","1","","","Sin nombre","2026-09-11 03:27"
"dl_336","DEADLIFT","1","dl_336_cam1.mp4","invalido","0","DL-03","Movimiento descendente de la barra antes de llegar a la posición final","Sin nombre","2026-09-11 03:27"
"dl_337","DEADLIFT","1","dl_337_cam1.mp4","invalido","0","DL-03","Movimiento descendente de la barra antes de llegar a la posición final","Sin nombre","2026-09-11 03:27"
"dl_338","DEADLIFT","1","dl_338_cam1.mp4","invalido","0","DL-03","Movimiento descendente de la barra antes de llegar a la posición final","Sin nombre","2026-09-11 03:27"
"dl_339","DEADLIFT","1","dl_339_cam1.mp4","invalido","0","DL-03","Movimiento descendente de la barra antes de llegar a la posición final","Sin nombre","2026-09-11 03:27"
"dl_340","DEADLIFT","1","dl_340_cam1.mp4","invalido","0","DL-02","No quedar erguido con hombros atrás — deltoides detrás de proyección imaginaria de la barra","Sin nombre","2026-09-11 03:28"
"dl_341","DEADLIFT","1","dl_341_cam1.mp4","invalido","0","DL-03","Movimiento descendente de la barra antes de llegar a la posición final","Sin nombre","2026-09-11 03:28"
"dl_342","DEADLIFT","1","dl_342_cam1.mp4","invalido","0","DL-02","No quedar erguido con hombros atrás — deltoides detrás de proyección imaginaria de la barra","Sin nombre","2026-09-11 03:28"
"dl_343","DEADLIFT","1","dl_343_cam1.mp4","invalido","0","DL-02","No quedar erguido con hombros atrás — deltoides detrás de proyección imaginaria de la barra","Sin nombre","2026-09-11 03:28"
"dl_344","DEADLIFT","1","dl_344_cam1.mp4","invalido","0","DL-03","Movimiento descendente de la barra antes de llegar a la posición final","Sin nombre","2026-09-11 03:28"
"dl_345","DEADLIFT","1","dl_345_cam1.mp4","invalido","0","DL-03","Movimiento descendente de la barra antes de llegar a la posición final","Sin nombre","2026-09-11 03:28"
"dl_346","DEADLIFT","1","dl_346_cam1.mp4","invalido","0","DL-03","Movimiento descendente de la barra antes de llegar a la posición final","Sin nombre","2026-09-11 03:29"
"dl_347","DEADLIFT","1","dl_347_cam1.mp4","invalido","0","DL-06","Soltar la barra sin mantener control con ambas manos","Sin nombre","2026-09-11 03:29"
"dl_348","DEADLIFT","1","dl_348_cam1.mp4","valido","1","","","Sin nombre","2026-09-11 03:29"
"dl_349","DEADLIFT","1","dl_349_cam1.mp4","invalido","0","DL-02","No quedar erguido con hombros atrás — deltoides detrás de proyección imaginaria de la barra","Sin nombre","2026-09-11 03:29"
"dl_350","DEADLIFT","1","dl_350_cam1.mp4","invalido","0","DL-02","No quedar erguido con hombros atrás — deltoides detrás de proyección imaginaria de la barra","Sin nombre","2026-09-11 03:29"
"dl_351","DEADLIFT","1","dl_351_cam1.mp4","invalido","0","DL-02","No quedar erguido con hombros atrás — deltoides detrás de proyección imaginaria de la barra","Sin nombre","2026-09-11 03:29"
"dl_352","DEADLIFT","1","dl_352_cam1.mp4","invalido","0","DL-02","No quedar erguido con hombros atrás — deltoides detrás de proyección imaginaria de la barra","Sin nombre","2026-09-11 03:29"
"dl_353","DEADLIFT","1","dl_353_cam1.mp4","invalido","0","DL-03","Movimiento descendente de la barra antes de llegar a la posición final","Sin nombre","2026-09-11 03:29"
"dl_354","DEADLIFT","1","dl_354_cam1.mp4","invalido","0","DL-03","Movimiento descendente de la barra antes de llegar a la posición final","Sin nombre","2026-09-11 03:29"
"dl_355","DEADLIFT","1","dl_355_cam1.mp4","invalido","0","DL-03","Movimiento descendente de la barra antes de llegar a la posición final","Sin nombre","2026-09-11 03:30"
"dl_356","DEADLIFT","1","dl_356_cam1.mp4","invalido","0","DL-03","Movimiento descendente de la barra antes de llegar a la posición final","Sin nombre","2026-09-11 03:30"
"dl_357","DEADLIFT","1","dl_357_cam1.mp4","invalido","0","DL-03","Movimiento descendente de la barra antes de llegar a la posición final","Sin nombre","2026-09-11 03:30"
"dl_358","DEADLIFT","1","dl_358_cam1.mp4","invalido","0","DL-03","Movimiento descendente de la barra antes de llegar a la posición final","Sin nombre","2026-09-11 03:30"
"dl_359","DEADLIFT","1","dl_359_cam1.mp4","invalido","0","DL-03","Movimiento descendente de la barra antes de llegar a la posición final","Sin nombre","2026-09-11 03:30"
"dl_360","DEADLIFT","1","dl_360_cam1.mp4","valido","1","","","Sin nombre","2026-09-11 03:30"
"dl_361","DEADLIFT","1","dl_361_cam1.mp4","valido","1","","","Sin nombre","2026-09-11 03:30"
"dl_362","DEADLIFT","1","dl_362_cam1.mp4","valido","1","","","Sin nombre","2026-09-11 03:30"
"dl_363","DEADLIFT","1","dl_363_cam1.mp4","valido","1","","","Sin nombre","2026-09-11 03:30"
"dl_364","DEADLIFT","1","dl_364_cam1.mp4","invalido","0","DL-02","No quedar erguido con hombros atrás — deltoides detrás de proyección imaginaria de la barra","Sin nombre","2026-09-11 03:30"
"dl_365","DEADLIFT","1","dl_365_cam1.mp4","invalido","0","DL-02","No quedar erguido con hombros atrás — deltoides detrás de proyección imaginaria de la barra","Sin nombre","2026-09-11 03:31"
"dl_366","DEADLIFT","1","dl_366_cam1.mp4","invalido","0","DL-02","No quedar erguido con hombros atrás — deltoides detrás de proyección imaginaria de la barra","Sin nombre","2026-09-11 03:31"
"dl_367","DEADLIFT","1","dl_367_cam1.mp4","invalido","0","DL-02","No quedar erguido con hombros atrás — deltoides detrás de proyección imaginaria de la barra","Sin nombre","2026-09-11 03:31"
"dl_368","DEADLIFT","1","dl_368_cam1.mp4","valido","1","","","Sin nombre","2026-09-11 03:31"
"dl_369","DEADLIFT","1","dl_369_cam1.mp4","valido","1","","","Sin nombre","2026-09-11 03:31"
"dl_370","DEADLIFT","1","dl_370_cam1.mp4","valido","1","","","Sin nombre","2026-09-11 03:31"
"dl_371","DEADLIFT","1","dl_371_cam1.mp4","valido","1","","","Sin nombre","2026-09-11 03:31"
"dl_372","DEADLIFT","1","dl_372_cam1.mp4","invalido","0","DL-06","Soltar la barra sin mantener control con ambas manos","Sin nombre","2026-09-11 03:31"
"dl_373","DEADLIFT","1","dl_373_cam1.mp4","valido","1","","","Sin nombre","2026-09-11 03:31"
"dl_374","DEADLIFT","1","dl_374_cam1.mp4","invalido","0","DL-03","Movimiento descendente de la barra antes de llegar a la posición final","Sin nombre","2026-09-11 03:31"
"dl_375","DEADLIFT","1","dl_375_cam1.mp4","invalido","0","DL-03","Movimiento descendente de la barra antes de llegar a la posición final","Sin nombre","2026-09-11 03:32"
"dl_376","DEADLIFT","1","dl_376_cam1.mp4","valido","1","","","Sin nombre","2026-09-11 03:32"
"dl_377","DEADLIFT","1","dl_377_cam1.mp4","invalido","0","DL-02","No quedar erguido con hombros atrás — deltoides detrás de proyección imaginaria de la barra","Sin nombre","2026-09-11 03:32"
"dl_378","DEADLIFT","1","dl_378_cam1.mp4","invalido","0","DL-03","Movimiento descendente de la barra antes de llegar a la posición final","Sin nombre","2026-09-11 03:32"
"dl_379","DEADLIFT","1","dl_379_cam1.mp4","invalido","0","DL-03","Movimiento descendente de la barra antes de llegar a la posición final","Sin nombre","2026-09-11 03:33"
"dl_380","DEADLIFT","1","dl_380_cam1.mp4","invalido","0","DL-03","Movimiento descendente de la barra antes de llegar a la posición final","Sin nombre","2026-09-11 03:33"
"dl_381","DEADLIFT","1","dl_381_cam1.mp4","invalido","0","DL-03","Movimiento descendente de la barra antes de llegar a la posición final","Sin nombre","2026-09-11 03:33"
"dl_382","DEADLIFT","1","dl_382_cam1.mp4","invalido","0","DL-03","Movimiento descendente de la barra antes de llegar a la posición final","Sin nombre","2026-09-11 03:33"
"dl_383","DEADLIFT","1","dl_383_cam1.mp4","invalido","0","DL-03","Movimiento descendente de la barra antes de llegar a la posición final","Sin nombre","2026-09-11 03:33"
"dl_384","DEADLIFT","1","dl_384_cam1.mp4","invalido","0","DL-02","No quedar erguido con hombros atrás — deltoides detrás de proyección imaginaria de la barra","Sin nombre","2026-09-11 03:33"
"dl_385","DEADLIFT","1","dl_385_cam1.mp4","invalido","0","DL-02","No quedar erguido con hombros atrás — deltoides detrás de proyección imaginaria de la barra","Sin nombre","2026-09-11 03:33"
"dl_386","DEADLIFT","1","dl_386_cam1.mp4","invalido","0","DL-03","Movimiento descendente de la barra antes de llegar a la posición final","Sin nombre","2026-09-11 03:33"
"dl_387","DEADLIFT","1","dl_387_cam1.mp4","invalido","0","DL-02","No quedar erguido con hombros atrás — deltoides detrás de proyección imaginaria de la barra","Sin nombre","2026-09-11 03:33"
"dl_388","DEADLIFT","1","dl_388_cam1.mp4","invalido","0","DL-02","No quedar erguido con hombros atrás — deltoides detrás de proyección imaginaria de la barra","Sin nombre","2026-09-11 03:34"
"dl_389","DEADLIFT","1","dl_389_cam1.mp4","invalido","0","DL-02","No quedar erguido con hombros atrás — deltoides detrás de proyección imaginaria de la barra","Sin nombre","2026-09-11 03:34"
"dl_390","DEADLIFT","1","dl_390_cam1.mp4","invalido","0","DL-03","Movimiento descendente de la barra antes de llegar a la posición final","Sin nombre","2026-09-11 03:34"
"dl_391","DEADLIFT","1","dl_391_cam1.mp4","valido","1","","","Sin nombre","2026-09-11 03:34"
"dl_392","DEADLIFT","1","dl_392_cam1.mp4","valido","1","","","Sin nombre","2026-09-11 03:34"
"dl_393","DEADLIFT","1","dl_393_cam1.mp4","invalido","0","DL-02","No quedar erguido con hombros atrás — deltoides detrás de proyección imaginaria de la barra","Sin nombre","2026-09-11 03:35"
"dl_394","DEADLIFT","1","dl_394_cam1.mp4","invalido","0","DL-02","No quedar erguido con hombros atrás — deltoides detrás de proyección imaginaria de la barra","Sin nombre","2026-09-11 03:35"
"dl_395","DEADLIFT","1","dl_395_cam1.mp4","invalido","0","DL-02","No quedar erguido con hombros atrás — deltoides detrás de proyección imaginaria de la barra","Sin nombre","2026-09-11 03:35"
"dl_396","DEADLIFT","1","dl_396_cam1.mp4","invalido","0","DL-02","No quedar erguido con hombros atrás — deltoides detrás de proyección imaginaria de la barra","Sin nombre","2026-09-11 03:35"
"dl_397","DEADLIFT","1","dl_397_cam1.mp4","invalido","0","DL-02","No quedar erguido con hombros atrás — deltoides detrás de proyección imaginaria de la barra","Sin nombre","2026-09-11 03:35"
"dl_398","DEADLIFT","1","dl_398_cam1.mp4","invalido","0","DL-02","No quedar erguido con hombros atrás — deltoides detrás de proyección imaginaria de la barra","Sin nombre","2026-09-11 03:35"
"dl_399","DEADLIFT","1","dl_399_cam1.mp4","invalido","0","DL-02","No quedar erguido con hombros atrás — deltoides detrás de proyección imaginaria de la barra","Sin nombre","2026-09-11 03:35"
"dl_400","DEADLIFT","1","dl_400_cam1.mp4","valido","1","","","Sin nombre","2026-09-11 03:35"
"dl_401","DEADLIFT","1","dl_401_cam1.mp4","invalido","0","DL-02","No quedar erguido con hombros atrás — deltoides detrás de proyección imaginaria de la barra","Sin nombre","2026-09-11 03:35"
"dl_402","DEADLIFT","1","dl_402_cam1.mp4","valido","1","","","Sin nombre","2026-09-11 03:36"
"dl_403","DEADLIFT","1","dl_403_cam1.mp4","invalido","0","DL-02","No quedar erguido con hombros atrás — deltoides detrás de proyección imaginaria de la barra","Sin nombre","2026-09-11 03:36"
"dl_404","DEADLIFT","1","dl_404_cam1.mp4","invalido","0","DL-02","No quedar erguido con hombros atrás — deltoides detrás de proyección imaginaria de la barra","Sin nombre","2026-09-11 03:36"
"dl_405","DEADLIFT","1","dl_405_cam1.mp4","invalido","0","DL-02","No quedar erguido con hombros atrás — deltoides detrás de proyección imaginaria de la barra","Sin nombre","2026-09-11 03:36"
"dl_406","DEADLIFT","1","dl_406_cam1.mp4","valido","1","","","Sin nombre","2026-09-11 03:36"
"dl_407","DEADLIFT","1","dl_407_cam1.mp4","invalido","0","DL-02","No quedar erguido con hombros atrás — deltoides detrás de proyección imaginaria de la barra","Sin nombre","2026-09-11 03:36"
"dl_408","DEADLIFT","1","dl_408_cam1.mp4","invalido","0","DL-02","No quedar erguido con hombros atrás — deltoides detrás de proyección imaginaria de la barra","Sin nombre","2026-09-11 03:36"
"dl_409","DEADLIFT","1","dl_409_cam1.mp4","invalido","0","DL-02","No quedar erguido con hombros atrás — deltoides detrás de proyección imaginaria de la barra","Sin nombre","2026-09-11 03:37"
"dl_410","DEADLIFT","1","dl_410_cam1.mp4","invalido","0","DL-02","No quedar erguido con hombros atrás — deltoides detrás de proyección imaginaria de la barra","Sin nombre","2026-09-11 03:37"
"dl_411","DEADLIFT","1","dl_411_cam1.mp4","invalido","0","DL-02","No quedar erguido con hombros atrás — deltoides detrás de proyección imaginaria de la barra","Sin nombre","2026-09-11 03:37"
"dl_412","DEADLIFT","1","dl_412_cam1.mp4","invalido","0","DL-02","No quedar erguido con hombros atrás — deltoides detrás de proyección imaginaria de la barra","Sin nombre","2026-09-11 03:37"
"dl_413","DEADLIFT","1","dl_413_cam1.mp4","invalido","0","DL-02","No quedar erguido con hombros atrás — deltoides detrás de proyección imaginaria de la barra","Sin nombre","2026-09-11 03:37"
"dl_414","DEADLIFT","1","dl_414_cam1.mp4","valido","1","","","Sin nombre","2026-06-28 17:11"
"dl_415","DEADLIFT","1","dl_415_cam1.mp4","valido","1","","","Sin nombre","2026-06-28 17:11"
"dl_416","DEADLIFT","1","dl_416_cam1.mp4","valido","1","","","Sin nombre","2026-06-28 17:11"
"dl_417","DEADLIFT","1","dl_417_cam1.mp4","valido","1","","","Sin nombre","2026-06-28 17:11"
"dl_418","DEADLIFT","1","dl_418_cam1.mp4","valido","1","","","Sin nombre","2026-06-28 17:11"
"dl_419","DEADLIFT","1","dl_419_cam1.mp4","valido","1","","","Sin nombre","2026-06-28 17:11"
"dl_420","DEADLIFT","1","dl_420_cam1.mp4","valido","1","","","Sin nombre","2026-06-28 17:11"
"dl_421","DEADLIFT","1","dl_421_cam1.mp4","valido","1","","","Sin nombre","2026-06-28 17:11"
"dl_422","DEADLIFT","1","dl_422_cam1.mp4","valido","1","","","Sin nombre","2026-06-28 17:11"
"dl_423","DEADLIFT","1","dl_423_cam1.mp4","valido","1","","","Sin nombre","2026-06-28 17:11"
"dl_424","DEADLIFT","1","dl_424_cam1.mp4","valido","1","","","Sin nombre","2026-06-28 17:11"
"dl_425","DEADLIFT","1","dl_425_cam1.mp4","valido","1","","","Sin nombre","2026-06-28 17:11"
"dl_426","DEADLIFT","1","dl_426_cam1.mp4","valido","1","","","Sin nombre","2026-06-28 17:11"
"dl_427","DEADLIFT","1","dl_427_cam1.mp4","valido","1","","","Sin nombre","2026-06-28 17:11"
"dl_428","DEADLIFT","1","dl_428_cam1.mp4","valido","1","","","Sin nombre","2026-06-28 17:11"
"dl_429","DEADLIFT","1","dl_429_cam1.mp4","valido","1","","","Sin nombre","2026-06-28 17:11"
"dl_430","DEADLIFT","1","dl_430_cam1.mp4","valido","1","","","Sin nombre","2026-06-28 17:11"
"dl_431","DEADLIFT","1","dl_431_cam1.mp4","valido","1","","","Sin nombre","2026-06-28 17:11"
"dl_432","DEADLIFT","1","dl_432_cam1.mp4","valido","1","","","Sin nombre","2026-06-28 17:11"
"dl_433","DEADLIFT","1","dl_433_cam1.mp4","valido","1","","","Sin nombre","2026-06-28 17:11"
"dl_434","DEADLIFT","1","dl_434_cam1.mp4","valido","1","","","Sin nombre","2026-06-28 17:11"
"dl_435","DEADLIFT","1","dl_435_cam1.mp4","valido","1","","","Sin nombre","2026-06-28 17:11"
"dl_436","DEADLIFT","1","dl_436_cam1.mp4","valido","1","","","Sin nombre","2026-06-28 17:11"
"dl_437","DEADLIFT","1","dl_437_cam1.mp4","valido","1","","","Sin nombre","2026-06-28 17:11"
"dl_438","DEADLIFT","1","dl_438_cam1.mp4","valido","1","","","Sin nombre","2026-06-28 17:11"
"dl_439","DEADLIFT","1","dl_439_cam1.mp4","valido","1","","","Sin nombre","2026-06-28 17:11"
"dl_440","DEADLIFT","1","dl_440_cam1.mp4","valido","1","","","Sin nombre","2026-06-28 17:11"
"dl_441","DEADLIFT","1","dl_441_cam1.mp4","valido","1","","","Sin nombre","2026-06-28 17:11"
"dl_442","DEADLIFT","1","dl_442_cam1.mp4","valido","1","","","Sin nombre","2026-06-28 17:11"
"dl_443","DEADLIFT","1","dl_443_cam1.mp4","valido","1","","","Sin nombre","2026-06-28 17:11"
"dl_444","DEADLIFT","1","dl_444_cam1.mp4","valido","1","","","Sin nombre","2026-06-28 17:11"
"dl_445","DEADLIFT","1","dl_445_cam1.mp4","valido","1","","","Sin nombre","2026-06-28 17:11"
"dl_446","DEADLIFT","1","dl_446_cam1.mp4","valido","1","","","Sin nombre","2026-06-28 17:11"
"dl_447","DEADLIFT","1","dl_447_cam1.mp4","valido","1","","","Sin nombre","2026-06-28 17:11"
"dl_448","DEADLIFT","1","dl_448_cam1.mp4","valido","1","","","Sin nombre","2026-06-28 17:11"
"dl_449","DEADLIFT","1","dl_449_cam1.mp4","valido","1","","","Sin nombre","2026-06-28 17:11"
"dl_450","DEADLIFT","1","dl_450_cam1.mp4","valido","1","","","Sin nombre","2026-06-28 17:11"
"dl_451","DEADLIFT","1","dl_451_cam1.mp4","valido","1","","","Sin nombre","2026-06-28 17:11"
"dl_452","DEADLIFT","1","dl_452_cam1.mp4","valido","1","","","Sin nombre","2026-06-28 17:11"
"dl_453","DEADLIFT","1","dl_453_cam1.mp4","valido","1","","","Sin nombre","2026-06-28 17:11"
"dl_454","DEADLIFT","1","dl_454_cam1.mp4","valido","1","","","Sin nombre","2026-06-28 17:11"
"dl_455","DEADLIFT","1","dl_455_cam1.mp4","valido","1","","","Sin nombre","2026-06-28 17:11"
"dl_456","DEADLIFT","1","dl_456_cam1.mp4","valido","1","","","Sin nombre","2026-06-28 17:11"
"dl_457","DEADLIFT","1","dl_457_cam1.mp4","valido","1","","","Sin nombre","2026-06-28 17:11"
"dl_458","DEADLIFT","1","dl_458_cam1.mp4","valido","1","","","Sin nombre","2026-06-28 17:11"
"dl_459","DEADLIFT","1","dl_459_cam1.mp4","valido","1","","","Sin nombre","2026-06-28 17:11"
"dl_460","DEADLIFT","1","dl_460_cam1.mp4","valido","1","","","Sin nombre","2026-06-28 17:11"
"dl_461","DEADLIFT","1","dl_461_cam1.mp4","valido","1","","","Sin nombre","2026-06-28 17:11"
"dl_462","DEADLIFT","1","dl_462_cam1.mp4","valido","1","","","Sin nombre","2026-06-28 17:11"
"dl_463","DEADLIFT","1","dl_463_cam1.mp4","valido","1","","","Sin nombre","2026-06-28 17:11"
"dl_464","DEADLIFT","1","dl_464_cam1.mp4","invalido","0","DL-05","Bajar la barra antes de recibir la señal ""Down"" del árbitro jefe","Sin nombre","2026-06-28 17:11"
"dl_465","DEADLIFT","1","dl_465_cam1.mp4","invalido","0","DL-05","Bajar la barra antes de recibir la señal ""Down"" del árbitro jefe","Sin nombre","2026-06-28 17:12"
"dl_466","DEADLIFT","1","dl_466_cam1.mp4","invalido","0","DL-05","Bajar la barra antes de recibir la señal ""Down"" del árbitro jefe","Sin nombre","2026-06-28 17:12"
"dl_467","DEADLIFT","1","dl_467_cam1.mp4","invalido","0","DL-05","Bajar la barra antes de recibir la señal ""Down"" del árbitro jefe","Sin nombre","2026-06-28 17:12"
"dl_468","DEADLIFT","1","dl_468_cam1.mp4","valido","1","","","Sin nombre","2026-06-28 17:12"
"dl_469","DEADLIFT","1","dl_469_cam1.mp4","invalido","0","DL-05","Bajar la barra antes de recibir la señal ""Down"" del árbitro jefe","Sin nombre","2026-06-28 17:13"
"dl_470","DEADLIFT","1","dl_470_cam1.mp4","invalido","0","DL-05","Bajar la barra antes de recibir la señal ""Down"" del árbitro jefe","Sin nombre","2026-06-28 17:13"
"dl_471","DEADLIFT","1","dl_471_cam1.mp4","invalido","0","DL-05","Bajar la barra antes de recibir la señal ""Down"" del árbitro jefe","Sin nombre","2026-06-28 17:13"
"dl_472","DEADLIFT","1","dl_472_cam1.mp4","invalido","0","DL-05","Bajar la barra antes de recibir la señal ""Down"" del árbitro jefe","Sin nombre","2026-06-28 17:13"
"dl_473","DEADLIFT","1","dl_473_cam1.mp4","valido","1","","","Sin nombre","2026-06-28 17:13"
"dl_474","DEADLIFT","1","dl_474_cam1.mp4","invalido","0","DL-05","Bajar la barra antes de recibir la señal ""Down"" del árbitro jefe","Sin nombre","2026-06-28 17:14"
"dl_475","DEADLIFT","1","dl_475_cam1.mp4","invalido","0","DL-05","Bajar la barra antes de recibir la señal ""Down"" del árbitro jefe","Sin nombre","2026-06-28 17:14"
"dl_476","DEADLIFT","1","dl_476_cam1.mp4","invalido","0","DL-05","Bajar la barra antes de recibir la señal ""Down"" del árbitro jefe","Sin nombre","2026-06-28 17:14"
"dl_477","DEADLIFT","1","dl_477_cam1.mp4","invalido","0","DL-05","Bajar la barra antes de recibir la señal ""Down"" del árbitro jefe","Sin nombre","2026-06-28 17:14"
"dl_478","DEADLIFT","1","dl_478_cam1.mp4","valido","1","","","Sin nombre","2026-06-28 17:14"
"dl_479","DEADLIFT","1","dl_479_cam1.mp4","valido","1","","","Sin nombre","2026-06-28 17:16"
"dl_480","DEADLIFT","1","dl_480_cam1.mp4","valido","1","","","Sin nombre","2026-06-28 17:16"
"dl_481","DEADLIFT","1","dl_481_cam1.mp4","valido","1","","","Sin nombre","2026-06-28 17:16"
"dl_482","DEADLIFT","1","dl_482_cam1.mp4","valido","1","","","Sin nombre","2026-06-28 17:16"
"dl_483","DEADLIFT","1","dl_483_cam1.mp4","valido","1","","","Sin nombre","2026-06-28 17:16"
"dl_484","DEADLIFT","1","dl_484_cam1.mp4","valido","1","","","Sin nombre","2026-06-28 17:16"
"dl_485","DEADLIFT","1","dl_485_cam1.mp4","valido","1","","","Sin nombre","2026-06-28 17:16"
"dl_486","DEADLIFT","1","dl_486_cam1.mp4","invalido","0","DL-03","Movimiento descendente de la barra antes de llegar a la posición final","Sin nombre","2026-06-28 17:16"
"dl_487","DEADLIFT","1","dl_487_cam1.mp4","invalido","0","DL-03","Movimiento descendente de la barra antes de llegar a la posición final","Sin nombre","2026-06-28 17:17"
"dl_488","DEADLIFT","1","dl_488_cam1.mp4","invalido","0","DL-03","Movimiento descendente de la barra antes de llegar a la posición final","Sin nombre","2026-06-28 17:17"
"dl_489","DEADLIFT","1","dl_489_cam1.mp4","valido","1","","","Sin nombre","2026-06-28 17:17"
"dl_490","DEADLIFT","1","dl_490_cam1.mp4","invalido","0","DL-03","Movimiento descendente de la barra antes de llegar a la posición final","Sin nombre","2026-06-28 17:17"
"dl_491","DEADLIFT","1","dl_491_cam1.mp4","valido","1","","","Sin nombre","2026-06-28 17:17"
"dl_492","DEADLIFT","1","dl_492_cam1.mp4","invalido","0","DL-03","Movimiento descendente de la barra antes de llegar a la posición final","Sin nombre","2026-06-28 17:18"
"dl_493","DEADLIFT","1","dl_493_cam1.mp4","invalido","0","DL-05","Bajar la barra antes de recibir la señal ""Down"" del árbitro jefe","Sin nombre","2026-06-28 17:18"
"dl_494","DEADLIFT","1","dl_494_cam1.mp4","invalido","0","DL-03","Movimiento descendente de la barra antes de llegar a la posición final","Sin nombre","2026-06-28 17:18"
"dl_495","DEADLIFT","1","dl_495_cam1.mp4","valido","1","","","Sin nombre","2026-06-28 17:18"
"dl_496","DEADLIFT","1","dl_496_cam1.mp4","valido","1","","","Sin nombre","2026-06-28 17:19"
"dl_497","DEADLIFT","1","dl_497_cam1.mp4","valido","1","","","Sin nombre","2026-06-28 17:19"
"dl_498","DEADLIFT","1","dl_498_cam1.mp4","valido","1","","","Sin nombre","2026-06-28 17:19"
"dl_499","DEADLIFT","1","dl_499_cam1.mp4","invalido","0","DL-03","Movimiento descendente de la barra antes de llegar a la posición final","Sin nombre","2026-06-28 17:19"
"dl_500","DEADLIFT","1","dl_500_cam1.mp4","valido","1","","","Sin nombre","2026-06-28 17:20"
"dl_501","DEADLIFT","1","dl_501_cam1.mp4","valido","1","","","Sin nombre","2026-06-28 17:20"
"dl_502","DEADLIFT","1","dl_502_cam1.mp4","valido","1","","","Sin nombre","2026-06-28 17:20"
"dl_503","DEADLIFT","1","dl_503_cam1.mp4","valido","1","","","Sin nombre","2026-06-28 17:20"
"dl_504","DEADLIFT","1","dl_504_cam1.mp4","valido","1","","","Sin nombre","2026-06-28 17:20"
"dl_505","DEADLIFT","1","dl_505_cam1.mp4","valido","1","","","Sin nombre","2026-06-28 17:20"
"dl_506","DEADLIFT","1","dl_506_cam1.mp4","valido","1","","","Sin nombre","2026-06-28 17:20"
"dl_507","DEADLIFT","1","dl_507_cam1.mp4","valido","1","","","Sin nombre","2026-06-28 17:20"
"dl_508","DEADLIFT","1","dl_508_cam1.mp4","invalido","0","DL-05","Bajar la barra antes de recibir la señal ""Down"" del árbitro jefe","Sin nombre","2026-06-28 17:20"
"dl_509","DEADLIFT","1","dl_509_cam1.mp4","invalido","0","DL-05","Bajar la barra antes de recibir la señal ""Down"" del árbitro jefe","Sin nombre","2026-06-28 17:20"
"dl_510","DEADLIFT","1","dl_510_cam1.mp4","invalido","0","DL-05","Bajar la barra antes de recibir la señal ""Down"" del árbitro jefe","Sin nombre","2026-06-28 17:20"
"dl_511","DEADLIFT","1","dl_511_cam1.mp4","valido","1","","","Sin nombre","2026-06-28 17:20"
"dl_512","DEADLIFT","1","dl_512_cam1.mp4","valido","1","","","Sin nombre","2026-06-28 17:27"
"dl_513","DEADLIFT","1","dl_513_cam1.mp4","valido","1","","","Sin nombre","2026-06-28 17:27"
"dl_514","DEADLIFT","1","dl_514_cam1.mp4","valido","1","","","Sin nombre","2026-06-28 17:27"
"dl_515","DEADLIFT","1","dl_515_cam1.mp4","valido","1","","","Sin nombre","2026-06-28 17:27"
"dl_516","DEADLIFT","1","dl_516_cam1.mp4","valido","1","","","Sin nombre","2026-06-28 17:27"
"dl_517","DEADLIFT","1","dl_517_cam1.mp4","valido","1","","","Sin nombre","2026-06-28 17:27"
"dl_518","DEADLIFT","1","dl_518_cam1.mp4","valido","1","","","Sin nombre","2026-06-28 17:27"
"dl_519","DEADLIFT","1","dl_519_cam1.mp4","valido","1","","","Sin nombre","2026-06-28 17:27"
"dl_520","DEADLIFT","1","dl_520_cam1.mp4","valido","1","","","Sin nombre","2026-06-28 17:27"
"dl_521","DEADLIFT","1","dl_521_cam1.mp4","valido","1","","","Sin nombre","2026-06-28 17:27"
"dl_522","DEADLIFT","1","dl_522_cam1.mp4","valido","1","","","Sin nombre","2026-06-28 17:27"
"dl_523","DEADLIFT","1","dl_523_cam1.mp4","valido","1","","","Sin nombre","2026-06-28 17:27"
"dl_524","DEADLIFT","1","dl_524_cam1.mp4","valido","1","","","Sin nombre","2026-06-28 17:27"
"dl_525","DEADLIFT","1","dl_525_cam1.mp4","valido","1","","","Sin nombre","2026-06-28 17:27"
"dl_526","DEADLIFT","1","dl_526_cam1.mp4","valido","1","","","Sin nombre","2026-06-28 17:27"
"dl_527","DEADLIFT","1","dl_527_cam1.mp4","valido","1","","","Sin nombre","2026-06-28 17:27"
"dl_528","DEADLIFT","1","dl_528_cam1.mp4","valido","1","","","Sin nombre","2026-06-28 17:27"
"dl_529","DEADLIFT","1","dl_529_cam1.mp4","valido","1","","","Sin nombre","2026-06-28 17:27"
"dl_530","DEADLIFT","1","dl_530_cam1.mp4","valido","1","","","Sin nombre","2026-06-28 17:27"
"dl_531","DEADLIFT","1","dl_531_cam1.mp4","valido","1","","","Sin nombre","2026-06-28 17:27"
"dl_532","DEADLIFT","1","dl_532_cam1.mp4","valido","1","","","Sin nombre","2026-06-28 17:27"
"dl_533","DEADLIFT","1","dl_533_cam1.mp4","valido","1","","","Sin nombre","2026-06-28 17:27"
"dl_534","DEADLIFT","1","dl_534_cam1.mp4","valido","1","","","Sin nombre","2026-06-28 17:27"
"dl_535","DEADLIFT","1","dl_535_cam1.mp4","valido","1","","","Sin nombre","2026-06-28 17:27"
"dl_536","DEADLIFT","1","dl_536_cam1.mp4","valido","1","","","Sin nombre","2026-06-28 17:27"
"dl_537","DEADLIFT","1","dl_537_cam1.mp4","valido","1","","","Sin nombre","2026-06-28 17:27"
"dl_538","DEADLIFT","1","dl_538_cam1.mp4","valido","1","","","Sin nombre","2026-06-28 17:27"
"dl_539","DEADLIFT","1","dl_539_cam1.mp4","valido","1","","","Sin nombre","2026-06-28 17:27"
"dl_540","DEADLIFT","1","dl_540_cam1.mp4","valido","1","","","Sin nombre","2026-06-28 17:27"
"dl_541","DEADLIFT","1","dl_541_cam1.mp4","valido","1","","","Sin nombre","2026-06-28 17:27"
"dl_542","DEADLIFT","1","dl_542_cam1.mp4","valido","1","","","Sin nombre","2026-06-28 17:27"
"dl_543","DEADLIFT","1","dl_543_cam1.mp4","valido","1","","","Sin nombre","2026-06-28 17:27"
"dl_544","DEADLIFT","1","dl_544_cam1.mp4","valido","1","","","Sin nombre","2026-06-28 17:27"
"dl_545","DEADLIFT","1","dl_545_cam1.mp4","valido","1","","","Sin nombre","2026-06-28 17:27"
"dl_546","DEADLIFT","1","dl_546_cam1.mp4","valido","1","","","Sin nombre","2026-06-28 17:27"
"dl_547","DEADLIFT","1","dl_547_cam1.mp4","valido","1","","","Sin nombre","2026-06-28 17:27"
"dl_548","DEADLIFT","1","dl_548_cam1.mp4","valido","1","","","Sin nombre","2026-06-28 17:27"
"dl_549","DEADLIFT","1","dl_549_cam1.mp4","valido","1","","","Sin nombre","2026-06-28 17:27"
"dl_550","DEADLIFT","1","dl_550_cam1.mp4","valido","1","","","Sin nombre","2026-06-28 17:27"
"dl_551","DEADLIFT","1","dl_551_cam1.mp4","valido","1","","","Sin nombre","2026-06-28 17:27"
"dl_552","DEADLIFT","1","dl_552_cam1.mp4","valido","1","","","Sin nombre","2026-06-28 17:27"
"dl_553","DEADLIFT","1","dl_553_cam1.mp4","valido","1","","","Sin nombre","2026-06-28 17:27"
"dl_554","DEADLIFT","1","dl_554_cam1.mp4","valido","1","","","Sin nombre","2026-06-28 17:27"
"dl_555","DEADLIFT","1","dl_555_cam1.mp4","valido","1","","","Sin nombre","2026-06-28 17:27"
"dl_556","DEADLIFT","1","dl_556_cam1.mp4","valido","1","","","Sin nombre","2026-06-28 17:27"
"dl_557","DEADLIFT","1","dl_557_cam1.mp4","invalido","0","","","Sin nombre","2026-06-28 17:29"
"dl_558","DEADLIFT","1","dl_558_cam1.mp4","invalido","0","","","Sin nombre","2026-06-28 17:29"
"dl_559","DEADLIFT","1","dl_559_cam1.mp4","invalido","0","","","Sin nombre","2026-06-28 17:29"
"dl_560","DEADLIFT","1","dl_560_cam1.mp4","invalido","0","","","Sin nombre","2026-06-28 17:29"
"dl_561","DEADLIFT","1","dl_561_cam1.mp4","invalido","0","","","Sin nombre","2026-06-28 17:29"
"dl_562","DEADLIFT","1","dl_562_cam1.mp4","invalido","0","","","Sin nombre","2026-06-28 17:29"
"dl_563","DEADLIFT","1","dl_563_cam1.mp4","invalido","0","","","Sin nombre","2026-06-28 17:29"
"dl_564","DEADLIFT","1","dl_564_cam1.mp4","valido","1","","","Sin nombre","2026-06-28 17:30"
"dl_565","DEADLIFT","1","dl_565_cam1.mp4","valido","1","","","Sin nombre","2026-06-28 17:30"
"dl_566","DEADLIFT","1","dl_566_cam1.mp4","valido","1","","","Sin nombre","2026-06-28 17:30"
"dl_567","DEADLIFT","1","dl_567_cam1.mp4","valido","1","","","Sin nombre","2026-06-28 17:30"
"dl_568","DEADLIFT","1","dl_568_cam1.mp4","valido","1","","","Sin nombre","2026-06-28 17:30"
"dl_569","DEADLIFT","1","dl_569_cam1.mp4","valido","1","","","Sin nombre","2026-06-28 17:30"
"dl_570","DEADLIFT","1","dl_570_cam1.mp4","invalido","0","DL-05","Bajar la barra antes de recibir la señal ""Down"" del árbitro jefe","Sin nombre","2026-06-28 17:30"
"dl_571","DEADLIFT","1","dl_571_cam1.mp4","invalido","0","DL-05","Bajar la barra antes de recibir la señal ""Down"" del árbitro jefe","Sin nombre","2026-06-28 17:30"
"dl_572","DEADLIFT","1","dl_572_cam1.mp4","invalido","0","DL-05","Bajar la barra antes de recibir la señal ""Down"" del árbitro jefe","Sin nombre","2026-06-28 17:30"
"dl_573","DEADLIFT","1","dl_573_cam1.mp4","invalido","0","DL-05","Bajar la barra antes de recibir la señal ""Down"" del árbitro jefe","Sin nombre","2026-06-28 17:31"
"dl_574","DEADLIFT","1","dl_574_cam1.mp4","invalido","0","DL-05","Bajar la barra antes de recibir la señal ""Down"" del árbitro jefe","Sin nombre","2026-06-28 17:31"
"dl_575","DEADLIFT","1","dl_575_cam1.mp4","invalido","0","DL-05","Bajar la barra antes de recibir la señal ""Down"" del árbitro jefe","Sin nombre","2026-06-28 17:31"
"dl_576","DEADLIFT","1","dl_576_cam1.mp4","invalido","0","DL-05","Bajar la barra antes de recibir la señal ""Down"" del árbitro jefe","Sin nombre","2026-06-28 17:31"
"dl_577","DEADLIFT","1","dl_577_cam1.mp4","invalido","0","DL-05","Bajar la barra antes de recibir la señal ""Down"" del árbitro jefe","Sin nombre","2026-06-28 17:31"
"dl_578","DEADLIFT","1","dl_578_cam1.mp4","invalido","0","DL-05","Bajar la barra antes de recibir la señal ""Down"" del árbitro jefe","Sin nombre","2026-06-28 17:31"
"dl_579","DEADLIFT","1","dl_579_cam1.mp4","valido","1","","","Sin nombre","2026-06-28 17:31"
"dl_580","DEADLIFT","1","dl_580_cam1.mp4","valido","1","","","Sin nombre","2026-06-28 17:32"
"dl_581","DEADLIFT","1","dl_581_cam1.mp4","valido","1","","","Sin nombre","2026-06-28 17:32"
"dl_582","DEADLIFT","1","dl_582_cam1.mp4","valido","1","","","Sin nombre","2026-06-28 17:32"
"dl_583","DEADLIFT","1","dl_583_cam1.mp4","invalido","0","DL-05","Bajar la barra antes de recibir la señal ""Down"" del árbitro jefe","Sin nombre","2026-06-28 17:32"
"dl_584","DEADLIFT","1","dl_584_cam1.mp4","invalido","0","DL-05","Bajar la barra antes de recibir la señal ""Down"" del árbitro jefe","Sin nombre","2026-06-28 17:36"
"dl_585","DEADLIFT","1","dl_585_cam1.mp4","invalido","0","DL-05","Bajar la barra antes de recibir la señal ""Down"" del árbitro jefe","Sin nombre","2026-06-28 17:36"
"dl_586","DEADLIFT","1","dl_586_cam1.mp4","invalido","0","DL-05","Bajar la barra antes de recibir la señal ""Down"" del árbitro jefe","Sin nombre","2026-06-28 17:36"
"dl_587","DEADLIFT","1","dl_587_cam1.mp4","invalido","0","DL-05","Bajar la barra antes de recibir la señal ""Down"" del árbitro jefe","Sin nombre","2026-06-28 17:36"
"dl_588","DEADLIFT","1","dl_588_cam1.mp4","invalido","0","DL-05","Bajar la barra antes de recibir la señal ""Down"" del árbitro jefe","Sin nombre","2026-06-28 17:36"
"dl_589","DEADLIFT","1","dl_589_cam1.mp4","invalido","0","DL-05","Bajar la barra antes de recibir la señal ""Down"" del árbitro jefe","Sin nombre","2026-06-28 17:36"
"dl_590","DEADLIFT","1","dl_590_cam1.mp4","invalido","0","DL-05","Bajar la barra antes de recibir la señal ""Down"" del árbitro jefe","Sin nombre","2026-06-28 17:36"
"dl_591","DEADLIFT","1","dl_591_cam1.mp4","invalido","0","DL-05","Bajar la barra antes de recibir la señal ""Down"" del árbitro jefe","Sin nombre","2026-06-28 17:36"
"dl_592","DEADLIFT","1","dl_592_cam1.mp4","invalido","0","DL-05","Bajar la barra antes de recibir la señal ""Down"" del árbitro jefe","Sin nombre","2026-06-28 17:36"
"dl_593","DEADLIFT","1","dl_593_cam1.mp4","invalido","0","DL-05","Bajar la barra antes de recibir la señal ""Down"" del árbitro jefe","Sin nombre","2026-06-28 17:36"
"dl_594","DEADLIFT","1","dl_594_cam1.mp4","valido","1","","","Sin nombre","2026-06-28 17:36"
"dl_595","DEADLIFT","1","dl_595_cam1.mp4","invalido","0","DL-05","Bajar la barra antes de recibir la señal ""Down"" del árbitro jefe","Sin nombre","2026-06-28 17:37"
"dl_596","DEADLIFT","1","dl_596_cam1.mp4","invalido","0","DL-05","Bajar la barra antes de recibir la señal ""Down"" del árbitro jefe","Sin nombre","2026-06-28 17:37"
"dl_597","DEADLIFT","1","dl_597_cam1.mp4","invalido","0","DL-05","Bajar la barra antes de recibir la señal ""Down"" del árbitro jefe","Sin nombre","2026-06-28 17:37"
"dl_598","DEADLIFT","1","dl_598_cam1.mp4","valido","1","","","Sin nombre","2026-06-28 17:37"
"dl_599","DEADLIFT","1","dl_599_cam1.mp4","valido","1","","","Sin nombre","2026-06-28 17:39"
"dl_600","DEADLIFT","1","dl_600_cam1.mp4","valido","1","","","Sin nombre","2026-06-28 17:39"
"dl_601","DEADLIFT","1","dl_601_cam1.mp4","valido","1","","","Sin nombre","2026-06-28 17:39"
"dl_602","DEADLIFT","1","dl_602_cam1.mp4","valido","1","","","Sin nombre","2026-06-28 17:39"
"dl_603","DEADLIFT","1","dl_603_cam1.mp4","valido","1","","","Sin nombre","2026-06-28 17:39"
"dl_604","DEADLIFT","1","dl_604_cam1.mp4","valido","1","","","Sin nombre","2026-06-28 17:39"
"dl_605","DEADLIFT","1","dl_605_cam1.mp4","valido","1","","","Sin nombre","2026-06-28 17:39"
"dl_606","DEADLIFT","1","dl_606_cam1.mp4","valido","1","","","Sin nombre","2026-06-28 17:39"
"dl_607","DEADLIFT","1","dl_607_cam1.mp4","valido","1","","","Sin nombre","2026-06-28 17:39"
"dl_608","DEADLIFT","1","dl_608_cam1.mp4","valido","1","","","Sin nombre","2026-06-28 17:39"
"dl_609","DEADLIFT","1","dl_609_cam1.mp4","invalido","0","","","Sin nombre","2026-06-28 17:39"
"dl_610","DEADLIFT","1","dl_610_cam1.mp4","invalido","0","DL-05","Bajar la barra antes de recibir la señal ""Down"" del árbitro jefe","Sin nombre","2026-06-28 17:41"
"dl_611","DEADLIFT","1","dl_611_cam1.mp4","valido","1","","","Sin nombre","2026-06-28 17:42"
"dl_612","DEADLIFT","1","dl_612_cam1.mp4","valido","1","","","Sin nombre","2026-06-28 17:42"
"dl_613","DEADLIFT","1","dl_613_cam1.mp4","valido","1","","","Sin nombre","2026-06-28 17:42"
"dl_614","DEADLIFT","1","dl_614_cam1.mp4","valido","1","","","Sin nombre","2026-06-28 17:42"
"dl_615","DEADLIFT","1","dl_615_cam1.mp4","valido","1","","","Sin nombre","2026-06-28 17:42"
"dl_616","DEADLIFT","1","dl_616_cam1.mp4","valido","1","","","Sin nombre","2026-06-28 17:42"
"dl_617","DEADLIFT","1","dl_617_cam1.mp4","valido","1","","","Sin nombre","2026-06-28 17:42"
"dl_618","DEADLIFT","1","dl_618_cam1.mp4","invalido","0","DL-05","Bajar la barra antes de recibir la señal ""Down"" del árbitro jefe","Sin nombre","2026-06-28 17:42"
"dl_619","DEADLIFT","1","dl_619_cam1.mp4","valido","1","","","Sin nombre","2026-06-28 17:45"
"dl_620","DEADLIFT","1","dl_620_cam1.mp4","valido","1","","","Sin nombre","2026-06-28 17:45"
"dl_621","DEADLIFT","1","dl_621_cam1.mp4","valido","1","","","Sin nombre","2026-06-28 17:45"
"dl_622","DEADLIFT","1","dl_622_cam1.mp4","valido","1","","","Sin nombre","2026-06-28 17:45"
"dl_623","DEADLIFT","1","dl_623_cam1.mp4","valido","1","","","Sin nombre","2026-06-28 17:45"
"dl_624","DEADLIFT","1","dl_624_cam1.mp4","valido","1","","","Sin nombre","2026-06-28 17:45"
"dl_625","DEADLIFT","1","dl_625_cam1.mp4","valido","1","","","Sin nombre","2026-06-28 17:45"
"dl_626","DEADLIFT","1","dl_626_cam1.mp4","valido","1","","","Sin nombre","2026-06-28 17:45"
"dl_627","DEADLIFT","1","dl_627_cam1.mp4","valido","1","","","Sin nombre","2026-06-28 17:45"
"dl_628","DEADLIFT","1","dl_628_cam1.mp4","valido","1","","","Sin nombre","2026-06-28 17:45"
"dl_629","DEADLIFT","1","dl_629_cam1.mp4","valido","1","","","Sin nombre","2026-06-28 17:45"
"dl_630","DEADLIFT","1","dl_630_cam1.mp4","valido","1","","","Sin nombre","2026-06-28 17:45"
"dl_631","DEADLIFT","1","dl_631_cam1.mp4","valido","1","","","Sin nombre","2026-06-28 17:45"
"dl_632","DEADLIFT","1","dl_632_cam1.mp4","valido","1","","","Sin nombre","2026-06-28 17:45"
"dl_633","DEADLIFT","1","dl_633_cam1.mp4","valido","1","","","Sin nombre","2026-06-28 17:45"
"dl_634","DEADLIFT","1","dl_634_cam1.mp4","valido","1","","","Sin nombre","2026-06-28 17:45"
"dl_635","DEADLIFT","1","dl_635_cam1.mp4","valido","1","","","Sin nombre","2026-06-28 17:45"
"dl_636","DEADLIFT","1","dl_636_cam1.mp4","valido","1","","","Sin nombre","2026-06-28 17:45"
"dl_637","DEADLIFT","1","dl_637_cam1.mp4","valido","1","","","Sin nombre","2026-06-28 17:45"
"dl_638","DEADLIFT","1","dl_638_cam1.mp4","valido","1","","","Sin nombre","2026-06-28 17:45"
"dl_639","DEADLIFT","1","dl_639_cam1.mp4","valido","1","","","Sin nombre","2026-06-28 17:45"
"dl_640","DEADLIFT","1","dl_640_cam1.mp4","valido","1","","","Sin nombre","2026-06-28 17:45"
"dl_641","DEADLIFT","1","dl_641_cam1.mp4","valido","1","","","Sin nombre","2026-06-28 17:45"
"dl_642","DEADLIFT","1","dl_642_cam1.mp4","valido","1","","","Sin nombre","2026-06-28 17:45"
"dl_643","DEADLIFT","1","dl_643_cam1.mp4","invalido","0","","","Sin nombre","2026-06-28 17:45"
"dl_644","DEADLIFT","1","dl_644_cam1.mp4","invalido","0","","","Sin nombre","2026-06-28 17:45"
"dl_645","DEADLIFT","1","dl_645_cam1.mp4","invalido","0","DL-08","Incumplimiento de cualquier otro requisito del deadlift","Sin nombre","2026-06-28 17:46"
"dl_646","DEADLIFT","1","dl_646_cam1.mp4","invalido","0","DL-02","No quedar erguido con hombros atrás — deltoides detrás de proyección imaginaria de la barra","Sin nombre","2026-06-28 17:46"
"dl_647","DEADLIFT","1","dl_647_cam1.mp4","invalido","0","DL-02","No quedar erguido con hombros atrás — deltoides detrás de proyección imaginaria de la barra","Sin nombre","2026-06-28 17:47"
"dl_648","DEADLIFT","1","dl_648_cam1.mp4","invalido","0","DL-02","No quedar erguido con hombros atrás — deltoides detrás de proyección imaginaria de la barra","Sin nombre","2026-06-28 17:47"
"dl_649","DEADLIFT","1","dl_649_cam1.mp4","invalido","0","DL-02","No quedar erguido con hombros atrás — deltoides detrás de proyección imaginaria de la barra","Sin nombre","2026-06-28 17:47"
"dl_650","DEADLIFT","1","dl_650_cam1.mp4","invalido","0","DL-02","No quedar erguido con hombros atrás — deltoides detrás de proyección imaginaria de la barra","Sin nombre","2026-06-28 17:47"
"dl_651","DEADLIFT","1","dl_651_cam1.mp4","invalido","0","DL-02","No quedar erguido con hombros atrás — deltoides detrás de proyección imaginaria de la barra","Sin nombre","2026-06-28 17:47"
"dl_652","DEADLIFT","1","dl_652_cam1.mp4","invalido","0","DL-02","No quedar erguido con hombros atrás — deltoides detrás de proyección imaginaria de la barra","Sin nombre","2026-06-28 17:47"
"dl_653","DEADLIFT","1","dl_653_cam1.mp4","valido","1","","","Sin nombre","2026-06-28 17:47"
"dl_654","DEADLIFT","1","dl_654_cam1.mp4","valido","1","","","Sin nombre","2026-06-28 17:48"
"dl_655","DEADLIFT","1","dl_655_cam1.mp4","valido","1","","","Sin nombre","2026-06-28 17:48"
"dl_656","DEADLIFT","1","dl_656_cam1.mp4","invalido","0","DL-05","Bajar la barra antes de recibir la señal ""Down"" del árbitro jefe","Sin nombre","2026-06-28 17:48"
"dl_657","DEADLIFT","1","dl_657_cam1.mp4","invalido","0","DL-05","Bajar la barra antes de recibir la señal ""Down"" del árbitro jefe","Sin nombre","2026-06-28 17:48"
"dl_658","DEADLIFT","1","dl_658_cam1.mp4","invalido","0","","","Sin nombre","2026-06-28 17:49"
"dl_659","DEADLIFT","1","dl_659_cam1.mp4","invalido","0","","","Sin nombre","2026-06-28 17:49"
"dl_660","DEADLIFT","1","dl_660_cam1.mp4","invalido","0","","","Sin nombre","2026-06-28 17:49"
"dl_661","DEADLIFT","1","dl_661_cam1.mp4","invalido","0","","","Sin nombre","2026-06-28 17:49"
"dl_662","DEADLIFT","1","dl_662_cam1.mp4","invalido","0","DL-08","Incumplimiento de cualquier otro requisito del deadlift","Sin nombre","2026-06-28 17:49"
"dl_663","DEADLIFT","1","dl_663_cam1.mp4","invalido","0","DL-04","Apoyo de la barra sobre los muslos durante el levantamiento (hitching)","Sin nombre","2026-06-28 17:50"
"dl_664","DEADLIFT","1","dl_664_cam1.mp4","invalido","0","DL-02|DL-03","No quedar erguido con hombros atrás — deltoides detrás de proyección imaginaria de la barra | Movimiento descendente de la barra antes de llegar a la posición final","Sin nombre","2026-06-28 17:50"
"dl_665","DEADLIFT","1","dl_665_cam1.mp4","invalido","0","","","Sin nombre","2026-06-28 17:50"
"dl_666","DEADLIFT","1","dl_666_cam1.mp4","invalido","0","DL-02","No quedar erguido con hombros atrás — deltoides detrás de proyección imaginaria de la barra","Sin nombre","2026-06-28 17:50"
"dl_667","DEADLIFT","1","dl_667_cam1.mp4","valido","1","","","Sin nombre","2026-06-28 17:50"
"dl_668","DEADLIFT","1","dl_668_cam1.mp4","invalido","0","DL-04","Apoyo de la barra sobre los muslos durante el levantamiento (hitching)","Sin nombre","2026-06-28 17:51"
"dl_669","DEADLIFT","1","dl_669_cam1.mp4","invalido","0","DL-08","Incumplimiento de cualquier otro requisito del deadlift","Sin nombre","2026-06-28 17:51"
"dl_670","DEADLIFT","1","dl_670_cam1.mp4","invalido","0","DL-08","Incumplimiento de cualquier otro requisito del deadlift","Sin nombre","2026-06-28 17:51"
"dl_671","DEADLIFT","1","dl_671_cam1.mp4","invalido","0","DL-04","Apoyo de la barra sobre los muslos durante el levantamiento (hitching)","Sin nombre","2026-06-28 17:51"
"dl_672","DEADLIFT","1","dl_672_cam1.mp4","invalido","0","","","Sin nombre","2026-06-28 17:51"
"dl_673","DEADLIFT","1","dl_673_cam1.mp4","invalido","0","DL-03|DL-02","Movimiento descendente de la barra antes de llegar a la posición final | No quedar erguido con hombros atrás — deltoides detrás de proyección imaginaria de la barra","Sin nombre","2026-09-10 02:43"
"dl_674","DEADLIFT","1","dl_674_cam1.mp4","invalido","0","DL-03","Movimiento descendente de la barra antes de llegar a la posición final","Sin nombre","2026-09-10 02:43"
"dl_675","DEADLIFT","1","dl_675_cam1.mp4","invalido","0","DL-03","Movimiento descendente de la barra antes de llegar a la posición final","Bastian","2026-09-10 02:43"
"dl_676","DEADLIFT","1","dl_676_cam1.mp4","invalido","0","DL-03","Movimiento descendente de la barra antes de llegar a la posición final","Bastian","2026-09-10 02:43"
"dl_677","DEADLIFT","1","dl_677_cam1.mp4","invalido","0","DL-03","Movimiento descendente de la barra antes de llegar a la posición final","Bastian","2026-09-10 02:43"
"dl_678","DEADLIFT","1","dl_678_cam1.mp4","invalido","0","DL-03","Movimiento descendente de la barra antes de llegar a la posición final","Bastian","2026-09-10 02:44"
"dl_679","DEADLIFT","1","dl_679_cam1.mp4","invalido","0","DL-02","No quedar erguido con hombros atrás — deltoides detrás de proyección imaginaria de la barra","Bastian","2026-09-10 02:44"
"dl_680","DEADLIFT","1","dl_680_cam1.mp4","invalido","0","DL-02","No quedar erguido con hombros atrás — deltoides detrás de proyección imaginaria de la barra","Bastian","2026-09-10 02:44"
"dl_681","DEADLIFT","1","dl_681_cam1.mp4","invalido","0","DL-02","No quedar erguido con hombros atrás — deltoides detrás de proyección imaginaria de la barra","Bastian","2026-09-10 02:44"
"dl_682","DEADLIFT","1","dl_682_cam1.mp4","invalido","0","DL-02","No quedar erguido con hombros atrás — deltoides detrás de proyección imaginaria de la barra","Bastian","2026-09-10 02:44"
"dl_683","DEADLIFT","1","dl_683_cam1.mp4","invalido","0","DL-02","No quedar erguido con hombros atrás — deltoides detrás de proyección imaginaria de la barra","Bastian","2026-09-10 02:44"
"dl_684","DEADLIFT","1","dl_684_cam1.mp4","valido","1","","","Bastian","2026-09-10 02:45"
"dl_685","DEADLIFT","1","dl_685_cam1.mp4","valido","1","","","Bastian","2026-09-10 02:45"
"dl_686","DEADLIFT","1","dl_686_cam1.mp4","valido","1","","","Bastian","2026-09-10 02:45"
"dl_687","DEADLIFT","1","dl_687_cam1.mp4","valido","1","","","Bastian","2026-09-10 02:45"
"dl_688","DEADLIFT","1","dl_688_cam1.mp4","valido","1","","","Bastian","2026-09-10 02:45"
"dl_689","DEADLIFT","1","dl_689_cam1.mp4","invalido","0","DL-02","No quedar erguido con hombros atrás — deltoides detrás de proyección imaginaria de la barra","Bastian","2026-09-10 02:45"
"dl_690","DEADLIFT","1","dl_690_cam1.mp4","valido","1","","","Bastian","2026-09-10 02:46"
"dl_691","DEADLIFT","1","dl_691_cam1.mp4","valido","1","","","Bastian","2026-09-10 02:46"
"dl_692","DEADLIFT","1","dl_692_cam1.mp4","valido","1","","","Bastian","2026-09-10 02:46"
"dl_693","DEADLIFT","1","dl_693_cam1.mp4","valido","1","","","Bastian","2026-09-10 02:46"
"dl_694","DEADLIFT","1","dl_694_cam1.mp4","invalido","0","DL-03","Movimiento descendente de la barra antes de llegar a la posición final","Bastian","2026-09-10 02:46"
"dl_695","DEADLIFT","1","dl_695_cam1.mp4","valido","1","","","Bastian","2026-09-10 02:47"
"dl_696","DEADLIFT","1","dl_696_cam1.mp4","valido","1","","","Bastian","2026-09-10 02:47"
"dl_697","DEADLIFT","1","dl_697_cam1.mp4","invalido","0","DL-02","No quedar erguido con hombros atrás — deltoides detrás de proyección imaginaria de la barra","Bastian","2026-09-10 02:47"
"dl_698","DEADLIFT","1","dl_698_cam1.mp4","invalido","0","DL-03","Movimiento descendente de la barra antes de llegar a la posición final","Bastian","2026-09-10 02:48"
"dl_699","DEADLIFT","1","dl_699_cam1.mp4","valido","1","","","Bastian","2026-09-10 02:48"
"dl_700","DEADLIFT","1","dl_700_cam1.mp4","invalido","0","DL-03","Movimiento descendente de la barra antes de llegar a la posición final","Bastian","2026-09-10 02:49"
"dl_701","DEADLIFT","1","dl_701_cam1.mp4","invalido","0","DL-02|DL-03","No quedar erguido con hombros atrás — deltoides detrás de proyección imaginaria de la barra | Movimiento descendente de la barra antes de llegar a la posición final","Bastian","2026-09-10 02:50"
"dl_702","DEADLIFT","1","dl_702_cam1.mp4","valido","1","","","Bastian","2026-09-10 02:51"
"dl_703","DEADLIFT","1","dl_703_cam1.mp4","invalido","0","DL-02","No quedar erguido con hombros atrás — deltoides detrás de proyección imaginaria de la barra","Bastian","2026-09-10 02:51"
"dl_704","DEADLIFT","1","dl_704_cam1.mp4","invalido","0","DL-02","No quedar erguido con hombros atrás — deltoides detrás de proyección imaginaria de la barra","Bastian","2026-09-10 02:52"
"dl_705","DEADLIFT","1","dl_705_cam1.mp4","invalido","0","DL-02","No quedar erguido con hombros atrás — deltoides detrás de proyección imaginaria de la barra","Bastian","2026-09-10 02:52"
"dl_706","DEADLIFT","1","dl_706_cam1.mp4","valido","1","","","Bastian","2026-09-10 02:52"
"dl_707","DEADLIFT","1","dl_707_cam1.mp4","valido","1","","","Bastian","2026-09-10 02:52"
"dl_708","DEADLIFT","1","dl_708_cam1.mp4","invalido","0","DL-03","Movimiento descendente de la barra antes de llegar a la posición final","Bastian","2026-09-10 02:53"
"dl_709","DEADLIFT","1","dl_709_cam1.mp4","invalido","0","DL-02","No quedar erguido con hombros atrás — deltoides detrás de proyección imaginaria de la barra","Bastian","2026-09-10 02:53"
"dl_710","DEADLIFT","1","dl_710_cam1.mp4","invalido","0","DL-02","No quedar erguido con hombros atrás — deltoides detrás de proyección imaginaria de la barra","Bastian","2026-09-10 02:53"
"dl_711","DEADLIFT","1","dl_711_cam1.mp4","invalido","0","DL-02","No quedar erguido con hombros atrás — deltoides detrás de proyección imaginaria de la barra","Bastian","2026-09-10 02:53"
"dl_712","DEADLIFT","1","dl_712_cam1.mp4","invalido","0","","","Bastian","2026-09-10 02:53"
"dl_713","DEADLIFT","1","dl_713_cam1.mp4","valido","1","","","Bastian","2026-09-10 02:58"
"dl_714","DEADLIFT","1","dl_714_cam1.mp4","valido","1","","","Bastian","2026-09-10 02:59"
"dl_715","DEADLIFT","1","dl_715_cam1.mp4","invalido","0","DL-02","No quedar erguido con hombros atrás — deltoides detrás de proyección imaginaria de la barra","Bastian","2026-09-10 02:59"
"dl_716","DEADLIFT","1","dl_716_cam1.mp4","valido","1","","","Bastian","2026-09-10 02:59"
"dl_717","DEADLIFT","1","dl_717_cam1.mp4","valido","1","","","Bastian","2026-09-10 02:59"
"dl_718","DEADLIFT","1","dl_718_cam1.mp4","valido","1","","","Bastian","2026-09-10 02:59"
"dl_719","DEADLIFT","1","dl_719_cam1.mp4","invalido","0","DL-02","No quedar erguido con hombros atrás — deltoides detrás de proyección imaginaria de la barra","Bastian","2026-09-10 02:59"
"dl_720","DEADLIFT","1","dl_720_cam1.mp4","invalido","0","DL-02","No quedar erguido con hombros atrás — deltoides detrás de proyección imaginaria de la barra","Bastian","2026-09-10 03:00"
"dl_721","DEADLIFT","1","dl_721_cam1.mp4","invalido","0","DL-02","No quedar erguido con hombros atrás — deltoides detrás de proyección imaginaria de la barra","Bastian","2026-09-10 03:00"
"dl_722","DEADLIFT","1","dl_722_cam1.mp4","invalido","0","DL-02","No quedar erguido con hombros atrás — deltoides detrás de proyección imaginaria de la barra","Bastian","2026-09-10 03:00"
"dl_723","DEADLIFT","1","dl_723_cam1.mp4","invalido","0","DL-02","No quedar erguido con hombros atrás — deltoides detrás de proyección imaginaria de la barra","Bastian","2026-09-10 03:00"
"dl_724","DEADLIFT","1","dl_724_cam1.mp4","valido","1","","","Bastian","2026-09-10 03:00"
"dl_725","DEADLIFT","1","dl_725_cam1.mp4","valido","1","","","Bastian","2026-09-10 03:00"
"dl_726","DEADLIFT","1","dl_726_cam1.mp4","invalido","0","DL-03","Movimiento descendente de la barra antes de llegar a la posición final","Bastian","2026-09-10 03:00"
"dl_727","DEADLIFT","1","dl_727_cam1.mp4","invalido","0","DL-03","Movimiento descendente de la barra antes de llegar a la posición final","Bastian","2026-09-10 03:01"
"dl_728","DEADLIFT","1","dl_728_cam1.mp4","valido","1","","","Bastian","2026-09-10 03:01"
"dl_729","DEADLIFT","1","dl_729_cam1.mp4","invalido","0","DL-02","No quedar erguido con hombros atrás — deltoides detrás de proyección imaginaria de la barra","Bastian","2026-09-10 03:01"
"dl_730","DEADLIFT","1","dl_730_cam1.mp4","valido","1","","","Bastian","2026-09-10 03:01"
"dl_731","DEADLIFT","1","dl_731_cam1.mp4","invalido","0","DL-02","No quedar erguido con hombros atrás — deltoides detrás de proyección imaginaria de la barra","Bastian","2026-09-10 03:01"
"dl_732","DEADLIFT","1","dl_732_cam1.mp4","invalido","0","DL-02","No quedar erguido con hombros atrás — deltoides detrás de proyección imaginaria de la barra","Bastian","2026-09-10 03:01"
"dl_733","DEADLIFT","1","dl_733_cam1.mp4","invalido","0","DL-02","No quedar erguido con hombros atrás — deltoides detrás de proyección imaginaria de la barra","Bastian","2026-09-10 03:01"
"dl_734","DEADLIFT","1","dl_734_cam1.mp4","invalido","0","DL-02","No quedar erguido con hombros atrás — deltoides detrás de proyección imaginaria de la barra","Bastian","2026-09-10 03:01"
"dl_735","DEADLIFT","1","dl_735_cam1.mp4","invalido","0","DL-02","No quedar erguido con hombros atrás — deltoides detrás de proyección imaginaria de la barra","Bastian","2026-09-10 03:02"
"dl_736","DEADLIFT","1","dl_736_cam1.mp4","invalido","0","DL-02","No quedar erguido con hombros atrás — deltoides detrás de proyección imaginaria de la barra","Bastian","2026-09-10 03:03"
"dl_737","DEADLIFT","1","dl_737_cam1.mp4","valido","1","","","Bastian","2026-09-10 03:03"
"dl_738","DEADLIFT","1","dl_738_cam1.mp4","valido","1","","","Bastian","2026-09-10 03:04"
"dl_739","DEADLIFT","1","dl_739_cam1.mp4","invalido","0","DL-03|DL-02","Movimiento descendente de la barra antes de llegar a la posición final | No quedar erguido con hombros atrás — deltoides detrás de proyección imaginaria de la barra","Bastian","2026-09-10 03:04"
"dl_740","DEADLIFT","1","dl_740_cam1.mp4","invalido","0","DL-03","Movimiento descendente de la barra antes de llegar a la posición final","Bastian","2026-09-10 03:04"
"dl_741","DEADLIFT","1","dl_741_cam1.mp4","invalido","0","DL-02","No quedar erguido con hombros atrás — deltoides detrás de proyección imaginaria de la barra","Bastian","2026-09-10 03:04"
"dl_742","DEADLIFT","1","dl_742_cam1.mp4","invalido","0","DL-03","Movimiento descendente de la barra antes de llegar a la posición final","Bastian","2026-09-10 03:04"
"dl_743","DEADLIFT","1","dl_743_cam1.mp4","invalido","0","DL-02|DL-03","No quedar erguido con hombros atrás — deltoides detrás de proyección imaginaria de la barra | Movimiento descendente de la barra antes de llegar a la posición final","Bastian","2026-09-10 03:04"
"dl_744","DEADLIFT","1","dl_744_cam1.mp4","invalido","0","DL-02","No quedar erguido con hombros atrás — deltoides detrás de proyección imaginaria de la barra","Bastian","2026-09-10 03:05"
"dl_745","DEADLIFT","1","dl_745_cam1.mp4","invalido","0","DL-02","No quedar erguido con hombros atrás — deltoides detrás de proyección imaginaria de la barra","Bastian","2026-09-10 03:05"
"dl_746","DEADLIFT","1","dl_746_cam1.mp4","invalido","0","DL-02","No quedar erguido con hombros atrás — deltoides detrás de proyección imaginaria de la barra","Bastian","2026-09-10 03:05"
"dl_747","DEADLIFT","1","dl_747_cam1.mp4","invalido","0","DL-02","No quedar erguido con hombros atrás — deltoides detrás de proyección imaginaria de la barra","Bastian","2026-09-10 03:06"
"dl_748","DEADLIFT","1","dl_748_cam1.mp4","valido","1","","","Bastian","2026-09-10 03:07"
"dl_749","DEADLIFT","1","dl_749_cam1.mp4","invalido","0","DL-03","Movimiento descendente de la barra antes de llegar a la posición final","Bastian","2026-09-10 03:07"
"dl_750","DEADLIFT","1","dl_750_cam1.mp4","invalido","0","DL-03","Movimiento descendente de la barra antes de llegar a la posición final","Bastian","2026-09-10 03:07"
"dl_751","DEADLIFT","1","dl_751_cam1.mp4","invalido","0","DL-03","Movimiento descendente de la barra antes de llegar a la posición final","Bastian","2026-09-10 03:07"
"dl_752","DEADLIFT","1","dl_752_cam1.mp4","invalido","0","DL-03","Movimiento descendente de la barra antes de llegar a la posición final","Bastian","2026-09-10 03:07"
"dl_753","DEADLIFT","1","dl_753_cam1.mp4","invalido","0","DL-02|DL-07","No quedar erguido con hombros atrás — deltoides detrás de proyección imaginaria de la barra | Pasos hacia atrás, adelante o movimiento lateral de los pies","Bastian","2026-09-10 03:07"
"dl_754","DEADLIFT","1","dl_754_cam1.mp4","invalido","0","DL-02|DL-03","No quedar erguido con hombros atrás — deltoides detrás de proyección imaginaria de la barra | Movimiento descendente de la barra antes de llegar a la posición final","Bastian","2026-09-10 03:08"
"dl_755","DEADLIFT","1","dl_755_cam1.mp4","valido","1","","","Bastian","2026-09-10 03:08"
"dl_756","DEADLIFT","1","dl_756_cam1.mp4","invalido","0","DL-02","No quedar erguido con hombros atrás — deltoides detrás de proyección imaginaria de la barra","Bastian","2026-09-10 03:08"
"dl_757","DEADLIFT","1","dl_757_cam1.mp4","invalido","0","DL-03","Movimiento descendente de la barra antes de llegar a la posición final","Bastian","2026-09-10 03:08"
"dl_758","DEADLIFT","1","dl_758_cam1.mp4","invalido","0","DL-03","Movimiento descendente de la barra antes de llegar a la posición final","Bastian","2026-09-10 03:08"
"dl_759","DEADLIFT","1","dl_759_cam1.mp4","invalido","0","DL-03","Movimiento descendente de la barra antes de llegar a la posición final","Bastian","2026-09-10 03:08"
"dl_760","DEADLIFT","1","dl_760_cam1.mp4","invalido","0","DL-02","No quedar erguido con hombros atrás — deltoides detrás de proyección imaginaria de la barra","Bastian","2026-09-10 03:09"
"dl_761","DEADLIFT","1","dl_761_cam1.mp4","invalido","0","DL-02","No quedar erguido con hombros atrás — deltoides detrás de proyección imaginaria de la barra","Bastian","2026-09-10 03:09"
"dl_762","DEADLIFT","1","dl_762_cam1.mp4","invalido","0","DL-02","No quedar erguido con hombros atrás — deltoides detrás de proyección imaginaria de la barra","Bastian","2026-09-10 03:09"
"dl_763","DEADLIFT","1","dl_763_cam1.mp4","valido","1","","","Bastian","2026-09-10 03:09"
"dl_764","DEADLIFT","1","dl_764_cam1.mp4","invalido","0","DL-02","No quedar erguido con hombros atrás — deltoides detrás de proyección imaginaria de la barra","Bastian","2026-09-10 03:09"
"dl_765","DEADLIFT","1","dl_765_cam1.mp4","invalido","0","DL-02","No quedar erguido con hombros atrás — deltoides detrás de proyección imaginaria de la barra","Bastian","2026-09-10 03:09"
"dl_766","DEADLIFT","1","dl_766_cam1.mp4","invalido","0","DL-03","Movimiento descendente de la barra antes de llegar a la posición final","Bastian","2026-09-10 03:09"
"dl_767","DEADLIFT","1","dl_767_cam1.mp4","invalido","0","DL-03","Movimiento descendente de la barra antes de llegar a la posición final","Bastian","2026-09-10 03:09"
"dl_768","DEADLIFT","1","dl_768_cam1.mp4","invalido","0","DL-03","Movimiento descendente de la barra antes de llegar a la posición final","Bastian","2026-09-10 03:09"
"dl_769","DEADLIFT","1","dl_769_cam1.mp4","invalido","0","DL-03","Movimiento descendente de la barra antes de llegar a la posición final","Bastian","2026-09-10 03:10"
"dl_770","DEADLIFT","1","dl_770_cam1.mp4","invalido","0","DL-03","Movimiento descendente de la barra antes de llegar a la posición final","Bastian","2026-09-10 03:10"
"dl_771","DEADLIFT","1","dl_771_cam1.mp4","valido","1","","","Bastian","2026-09-10 03:10"
"dl_772","DEADLIFT","1","dl_772_cam1.mp4","valido","1","","","Bastian","2026-09-10 03:10"
"dl_773","DEADLIFT","1","dl_773_cam1.mp4","valido","1","","","Bastian","2026-09-10 03:10"
"dl_774","DEADLIFT","1","dl_774_cam1.mp4","valido","1","","","Bastian","2026-09-10 03:10"
"dl_775","DEADLIFT","1","dl_775_cam1.mp4","valido","1","","","Bastian","2026-09-10 03:10"
"dl_776","DEADLIFT","1","dl_776_cam1.mp4","invalido","0","DL-02","No quedar erguido con hombros atrás — deltoides detrás de proyección imaginaria de la barra","Bastian","2026-09-10 03:10"
"dl_777","DEADLIFT","1","dl_777_cam1.mp4","invalido","0","DL-02","No quedar erguido con hombros atrás — deltoides detrás de proyección imaginaria de la barra","Bastian","2026-09-10 03:10"
"dl_778","DEADLIFT","1","dl_778_cam1.mp4","invalido","0","DL-02","No quedar erguido con hombros atrás — deltoides detrás de proyección imaginaria de la barra","Bastian","2026-09-10 03:11"
"dl_779","DEADLIFT","1","dl_779_cam1.mp4","invalido","0","DL-02","No quedar erguido con hombros atrás — deltoides detrás de proyección imaginaria de la barra","Bastian","2026-09-10 03:11"
"dl_780","DEADLIFT","1","dl_780_cam1.mp4","valido","1","","","Bastian","2026-09-10 03:11"
"dl_781","DEADLIFT","1","dl_781_cam1.mp4","valido","1","","","Bastian","2026-09-10 03:11"
"dl_782","DEADLIFT","1","dl_782_cam1.mp4","valido","1","","","Bastian","2026-09-10 03:11"
"dl_783","DEADLIFT","1","dl_783_cam1.mp4","valido","1","","","Bastian","2026-09-10 03:11"
"dl_784","DEADLIFT","1","dl_784_cam1.mp4","valido","1","","","Bastian","2026-09-10 03:11"
"dl_785","DEADLIFT","1","dl_785_cam1.mp4","invalido","0","DL-07|DL-06","Pasos hacia atrás, adelante o movimiento lateral de los pies | Soltar la barra sin mantener control con ambas manos","Bastian","2026-09-10 03:11"
"dl_786","DEADLIFT","1","dl_786_cam1.mp4","invalido","0","DL-03","Movimiento descendente de la barra antes de llegar a la posición final","Bastian","2026-09-10 03:12"
"dl_787","DEADLIFT","1","dl_787_cam1.mp4","invalido","0","DL-03","Movimiento descendente de la barra antes de llegar a la posición final","Bastian","2026-09-10 03:12"
"dl_788","DEADLIFT","1","dl_788_cam1.mp4","valido","1","","","Bastian","2026-09-10 03:12"
"dl_789","DEADLIFT","1","dl_789_cam1.mp4","invalido","0","DL-02","No quedar erguido con hombros atrás — deltoides detrás de proyección imaginaria de la barra","Bastian","2026-09-10 03:12"
"dl_790","DEADLIFT","1","dl_790_cam1.mp4","invalido","0","DL-03","Movimiento descendente de la barra antes de llegar a la posición final","Bastian","2026-09-10 03:12"
"dl_791","DEADLIFT","1","dl_791_cam1.mp4","invalido","0","DL-03","Movimiento descendente de la barra antes de llegar a la posición final","Bastian","2026-09-10 03:12"
"dl_792","DEADLIFT","1","dl_792_cam1.mp4","invalido","0","DL-03","Movimiento descendente de la barra antes de llegar a la posición final","Bastian","2026-09-10 03:13"
"dl_793","DEADLIFT","1","dl_793_cam1.mp4","invalido","0","DL-03","Movimiento descendente de la barra antes de llegar a la posición final","Bastian","2026-09-10 03:13"
"dl_794","DEADLIFT","1","dl_794_cam1.mp4","invalido","0","DL-03","Movimiento descendente de la barra antes de llegar a la posición final","Bastian","2026-09-10 03:13"
"dl_795","DEADLIFT","1","dl_795_cam1.mp4","invalido","0","DL-03","Movimiento descendente de la barra antes de llegar a la posición final","Bastian","2026-09-10 03:13"
"dl_796","DEADLIFT","1","dl_796_cam1.mp4","invalido","0","DL-02","No quedar erguido con hombros atrás — deltoides detrás de proyección imaginaria de la barra","Bastian","2026-09-10 03:14"
"dl_797","DEADLIFT","1","dl_797_cam1.mp4","invalido","0","DL-02","No quedar erguido con hombros atrás — deltoides detrás de proyección imaginaria de la barra","Bastian","2026-09-10 03:14"
"dl_798","DEADLIFT","1","dl_798_cam1.mp4","invalido","0","DL-03|DL-02","Movimiento descendente de la barra antes de llegar a la posición final | No quedar erguido con hombros atrás — deltoides detrás de proyección imaginaria de la barra","Bastian","2026-09-10 03:14"
"dl_799","DEADLIFT","1","dl_799_cam1.mp4","invalido","0","DL-02","No quedar erguido con hombros atrás — deltoides detrás de proyección imaginaria de la barra","Bastian","2026-09-10 03:14"
"dl_800","DEADLIFT","1","dl_800_cam1.mp4","invalido","0","DL-02","No quedar erguido con hombros atrás — deltoides detrás de proyección imaginaria de la barra","Bastian","2026-09-10 03:14"
"dl_801","DEADLIFT","1","dl_801_cam1.mp4","invalido","0","DL-02","No quedar erguido con hombros atrás — deltoides detrás de proyección imaginaria de la barra","Bastian","2026-09-10 03:14"
"dl_802","DEADLIFT","1","dl_802_cam1.mp4","invalido","0","DL-02|DL-03","No quedar erguido con hombros atrás — deltoides detrás de proyección imaginaria de la barra | Movimiento descendente de la barra antes de llegar a la posición final","Bastian","2026-09-10 03:15"
"dl_803","DEADLIFT","1","dl_803_cam1.mp4","valido","1","","","Bastian","2026-09-10 03:15"
"dl_804","DEADLIFT","1","dl_804_cam1.mp4","valido","1","","","Bastian","2026-09-10 03:15"
"dl_805","DEADLIFT","1","dl_805_cam1.mp4","invalido","0","DL-02","No quedar erguido con hombros atrás — deltoides detrás de proyección imaginaria de la barra","Bastian","2026-09-10 03:15"
"dl_806","DEADLIFT","1","dl_806_cam1.mp4","invalido","0","DL-02","No quedar erguido con hombros atrás — deltoides detrás de proyección imaginaria de la barra","Bastian","2026-09-10 03:15"
"dl_807","DEADLIFT","1","dl_807_cam1.mp4","invalido","0","DL-02","No quedar erguido con hombros atrás — deltoides detrás de proyección imaginaria de la barra","Bastian","2026-09-10 03:15"
"dl_808","DEADLIFT","1","dl_808_cam1.mp4","invalido","0","DL-02","No quedar erguido con hombros atrás — deltoides detrás de proyección imaginaria de la barra","Bastian","2026-09-10 03:16"
"dl_809","DEADLIFT","1","dl_809_cam1.mp4","invalido","0","DL-02","No quedar erguido con hombros atrás — deltoides detrás de proyección imaginaria de la barra","Bastian","2026-09-10 03:16"
"dl_810","DEADLIFT","1","dl_810_cam1.mp4","invalido","0","DL-02","No quedar erguido con hombros atrás — deltoides detrás de proyección imaginaria de la barra","Bastian","2026-09-10 03:16"
"dl_811","DEADLIFT","1","dl_811_cam1.mp4","invalido","0","DL-02","No quedar erguido con hombros atrás — deltoides detrás de proyección imaginaria de la barra","Bastian","2026-09-10 03:17"
"dl_812","DEADLIFT","1","dl_812_cam1.mp4","valido","1","","","Bastian","2026-09-10 03:17"
"dl_813","DEADLIFT","1","dl_813_cam1.mp4","invalido","0","DL-02","No quedar erguido con hombros atrás — deltoides detrás de proyección imaginaria de la barra","Bastian","2026-09-10 03:17"
"dl_814","DEADLIFT","1","dl_814_cam1.mp4","valido","1","","","Bastian","2026-09-10 03:17"
"dl_815","DEADLIFT","1","dl_815_cam1.mp4","invalido","0","DL-02","No quedar erguido con hombros atrás — deltoides detrás de proyección imaginaria de la barra","Bastian","2026-09-10 03:17"
"dl_816","DEADLIFT","1","dl_816_cam1.mp4","invalido","0","DL-02|DL-03","No quedar erguido con hombros atrás — deltoides detrás de proyección imaginaria de la barra | Movimiento descendente de la barra antes de llegar a la posición final","Bastian","2026-09-10 03:17"
"dl_817","","","","","0","","","ChatGPT",""
"dl_818","","","","","1","","","ChatGPT",""
"dl_819","DEADLIFT","1","dl_819_cam1.mp4","invalido","0","DL-02","No quedar erguido con hombros atrás — deltoides detrás de proyección imaginaria de la barra","Bastian","2026-09-10 03:18"
"dl_820","DEADLIFT","1","dl_820_cam1.mp4","invalido","0","DL-02","No quedar erguido con hombros atrás — deltoides detrás de proyección imaginaria de la barra","Bastian","2026-09-10 03:18"
"dl_821","DEADLIFT","1","dl_821_cam1.mp4","invalido","0","DL-02","No quedar erguido con hombros atrás — deltoides detrás de proyección imaginaria de la barra","Bastian","2026-09-10 03:18"
"dl_822","DEADLIFT","1","dl_822_cam1.mp4","invalido","0","DL-02","No quedar erguido con hombros atrás — deltoides detrás de proyección imaginaria de la barra","Bastian","2026-09-10 03:18"
"dl_823","DEADLIFT","1","dl_823_cam1.mp4","invalido","0","DL-02","No quedar erguido con hombros atrás — deltoides detrás de proyección imaginaria de la barra","Bastian","2026-09-10 03:19"
"dl_824","DEADLIFT","1","dl_824_cam1.mp4","invalido","0","DL-02","No quedar erguido con hombros atrás — deltoides detrás de proyección imaginaria de la barra","Bastian","2026-09-10 03:19"
"dl_825","DEADLIFT","1","dl_825_cam1.mp4","invalido","0","DL-02","No quedar erguido con hombros atrás — deltoides detrás de proyección imaginaria de la barra","Bastian","2026-09-10 03:19"
