video_id,movimiento,camara,archivo,resultado,label,codigos,criterios,etiquetador,timestamp
"bp_001","BENCH PRESS","1","bp_001_cam1.mp4","invalido","0","BP-11","Pies del atleta contactan el banco o sus soportes / levantar los pies","Francisco","2026-06-23 02:52"
"bp_002","BENCH PRESS","1","bp_002_cam1.mp4","valido","1","","","Francisco","2026-06-23 02:53"
"bp_003","BENCH PRESS","1","bp_003_cam1.mp4","invalido","0","BP-10","No obedecer señal del árbitro en inicio, durante o finalización","Francisco","2026-06-23 02:54"
"bp_004","BENCH PRESS","1","bp_004_cam1.mp4","invalido","0","BP-10","No obedecer señal del árbitro en inicio, durante o finalización","Francisco","2026-06-23 02:55"
"bp_005","BENCH PRESS","1","bp_005_cam1.mp4","valido","1","","","Francisco","2026-06-23 02:55"
"bp_006","BENCH PRESS","1","bp_006_cam1.mp4","valido","1","","","Francisco","2026-06-23 02:56"
"bp_007","BENCH PRESS","1","bp_007_cam1.mp4","valido","1","","","Francisco","2026-06-23 02:56"
"bp_008","BENCH PRESS","1","bp_008_cam1.mp4","valido","1","","","Francisco","2026-06-23 02:56"
"bp_009","BENCH PRESS","1","bp_009_cam1.mp4","valido","1","","","Francisco","2026-06-23 02:57"
"bp_010","BENCH PRESS","1","bp_010_cam1.mp4","invalido","0","BP-10","No obedecer señal del árbitro en inicio, durante o finalización","Francisco","2026-06-23 02:57"
"bp_011","BENCH PRESS","1","bp_011_cam1.mp4","invalido","0","BP-10","No obedecer señal del árbitro en inicio, durante o finalización","Francisco","2026-06-23 02:57"
"bp_012","BENCH PRESS","1","bp_012_cam1.mp4","invalido","0","BP-10|BP-11","No obedecer señal del árbitro en inicio, durante o finalización | Pies del atleta contactan el banco o sus soportes / levantar los pies","Francisco","2026-06-23 02:58"
"bp_013","BENCH PRESS","1","bp_013_cam1.mp4","valido","1","","","Francisco","2026-06-23 02:58"
"bp_014","BENCH PRESS","1","bp_014_cam1.mp4","valido","1","","","Francisco","2026-06-23 02:58"
"bp_015","BENCH PRESS","1","bp_015_cam1.mp4","valido","1","","","Francisco","2026-06-23 02:58"
"bp_016","BENCH PRESS","1","bp_016_cam1.mp4","valido","1","","","Francisco","2026-06-23 02:58"
"bp_017","BENCH PRESS","1","bp_017_cam1.mp4","valido","1","","","Francisco","2026-06-23 02:59"
"bp_018","BENCH PRESS","1","bp_018_cam1.mp4","valido","1","","","Francisco","2026-06-23 03:04"
"bp_019","BENCH PRESS","1","bp_019_cam1.mp4","valido","1","","","Francisco","2026-06-23 03:04"
"bp_020","BENCH PRESS","1","bp_020_cam1.mp4","valido","1","","","Francisco","2026-06-23 03:04"
"bp_021","BENCH PRESS","1","bp_021_cam1.mp4","valido","1","","","Francisco","2026-06-23 03:04"
"bp_022","BENCH PRESS","1","bp_022_cam1.mp4","valido","1","","","Francisco","2026-06-23 03:04"
"bp_023","BENCH PRESS","1","bp_023_cam1.mp4","valido","1","","","Francisco","2026-06-23 03:04"
"bp_024","BENCH PRESS","1","bp_024_cam1.mp4","valido","1","","","Francisco","2026-06-23 03:04"
"bp_025","BENCH PRESS","1","bp_025_cam1.mp4","valido","1","","","Francisco","2026-06-23 03:04"
"bp_026","BENCH PRESS","1","bp_026_cam1.mp4","valido","1","","","Francisco","2026-06-23 03:04"
"bp_027","BENCH PRESS","1","bp_027_cam1.mp4","valido","1","","","Francisco","2026-06-23 03:04"
"bp_028","BENCH PRESS","1","bp_028_cam1.mp4","valido","1","","","Francisco","2026-06-23 03:04"
"bp_029","BENCH PRESS","1","bp_029_cam1.mp4","valido","1","","","Francisco","2026-06-23 03:04"
"bp_030","BENCH PRESS","1","bp_030_cam1.mp4","valido","1","","","Francisco","2026-06-23 03:04"
"bp_031","BENCH PRESS","1","bp_031_cam1.mp4","valido","1","","","Francisco","2026-06-23 03:04"
"bp_032","BENCH PRESS","1","bp_032_cam1.mp4","valido","1","","","Francisco","2026-06-23 03:04"
"bp_033","BENCH PRESS","1","bp_033_cam1.mp4","valido","1","","","Francisco","2026-06-23 03:04"
"bp_034","BENCH PRESS","1","bp_034_cam1.mp4","valido","1","","","Francisco","2026-06-23 03:04"
"bp_035","BENCH PRESS","1","bp_035_cam1.mp4","valido","1","","","Francisco","2026-06-23 03:04"
"bp_036","BENCH PRESS","1","bp_036_cam1.mp4","valido","1","","","Francisco","2026-06-23 03:04"
"bp_037","BENCH PRESS","1","bp_037_cam1.mp4","valido","1","","","Francisco","2026-06-23 03:04"
"bp_038","BENCH PRESS","1","bp_038_cam1.mp4","valido","1","","","Francisco","2026-06-23 03:04"
"bp_039","BENCH PRESS","1","bp_039_cam1.mp4","valido","1","","","Francisco","2026-06-23 03:04"
"bp_040","BENCH PRESS","1","bp_040_cam1.mp4","valido","1","","","Francisco","2026-06-23 03:04"
"bp_041","BENCH PRESS","1","bp_041_cam1.mp4","valido","1","","","Francisco","2026-06-23 03:04"
"bp_042","BENCH PRESS","1","bp_042_cam1.mp4","valido","1","","","Francisco","2026-06-23 03:04"
"bp_043","BENCH PRESS","1","bp_043_cam1.mp4","valido","1","","","Francisco","2026-06-23 03:04"
"bp_044","BENCH PRESS","1","bp_044_cam1.mp4","valido","1","","","Francisco","2026-06-23 03:04"
"bp_045","BENCH PRESS","1","bp_045_cam1.mp4","valido","1","","","Francisco","2026-06-23 03:04"
"bp_046","BENCH PRESS","1","bp_046_cam1.mp4","valido","1","","","Francisco","2026-06-23 03:04"
"bp_047","BENCH PRESS","1","bp_047_cam1.mp4","valido","1","","","Francisco","2026-06-23 03:04"
"bp_048","BENCH PRESS","1","bp_048_cam1.mp4","valido","1","","","Francisco","2026-06-23 03:04"
"bp_049","BENCH PRESS","1","bp_049_cam1.mp4","valido","1","","","Francisco","2026-06-23 03:04"
"bp_050","BENCH PRESS","1","bp_050_cam1.mp4","invalido","0","BP-10|BP-08","No obedecer señal del árbitro en inicio, durante o finalización | Cabeza, hombros o glúteos se levantan del banco","Francisco","2026-06-23 03:04"
"bp_051","BENCH PRESS","1","bp_051_cam1.mp4","invalido","0","BP-03","Movimiento descendente de la barra durante el press","Francisco","2026-06-23 03:05"
"bp_052","BENCH PRESS","1","bp_052_cam1.mp4","invalido","0","BP-08","Cabeza, hombros o glúteos se levantan del banco","Francisco","2026-06-23 03:05"
"bp_053","BENCH PRESS","1","bp_053_cam1.mp4","invalido","0","BP-03","Movimiento descendente de la barra durante el press","Francisco","2026-06-23 03:05"
"bp_054","BENCH PRESS","1","bp_054_cam1.mp4","valido","1","","","Francisco","2026-06-23 03:05"
"bp_055","BENCH PRESS","1","bp_055_cam1.mp4","invalido","0","BP-11","Pies del atleta contactan el banco o sus soportes / levantar los pies","Francisco","2026-06-23 03:06"
"bp_056","BENCH PRESS","1","bp_056_cam1.mp4","invalido","0","BP-11","Pies del atleta contactan el banco o sus soportes / levantar los pies","Francisco","2026-06-23 03:06"
"bp_057","BENCH PRESS","1","bp_057_cam1.mp4","invalido","0","BP-11","Pies del atleta contactan el banco o sus soportes / levantar los pies","Francisco","2026-06-23 03:06"
"bp_058","BENCH PRESS","1","bp_058_cam1.mp4","invalido","0","BP-11","Pies del atleta contactan el banco o sus soportes / levantar los pies","Francisco","2026-06-23 03:06"
"bp_059","BENCH PRESS","1","bp_059_cam1.mp4","valido","1","","","Francisco","2026-06-23 03:07"
"bp_060","BENCH PRESS","1","bp_060_cam1.mp4","valido","1","","","Francisco","2026-06-23 03:07"
"bp_061","BENCH PRESS","1","bp_061_cam1.mp4","valido","1","","","Francisco","2026-06-23 03:09"
"bp_062","BENCH PRESS","1","bp_062_cam1.mp4","valido","1","","","Francisco","2026-06-23 03:09"
"bp_063","BENCH PRESS","1","bp_063_cam1.mp4","valido","1","","","Francisco","2026-06-23 03:09"
"bp_064","BENCH PRESS","1","bp_064_cam1.mp4","valido","1","","","Francisco","2026-06-23 03:09"
"bp_065","BENCH PRESS","1","bp_065_cam1.mp4","invalido","0","BP-11","Pies del atleta contactan el banco o sus soportes / levantar los pies","Francisco","2026-06-23 03:09"
"bp_066","BENCH PRESS","1","bp_066_cam1.mp4","valido","1","","","Francisco","2026-06-23 03:09"
"bp_067","BENCH PRESS","1","bp_067_cam1.mp4","valido","1","","","Francisco","2026-06-23 03:10"
"bp_068","BENCH PRESS","1","bp_068_cam1.mp4","valido","1","","","Francisco","2026-06-23 03:10"
"bp_069","BENCH PRESS","1","bp_069_cam1.mp4","valido","1","","","Francisco","2026-06-23 03:10"
"bp_070","BENCH PRESS","1","bp_070_cam1.mp4","valido","1","","","Francisco","2026-06-23 03:10"
"bp_071","BENCH PRESS","1","bp_071_cam1.mp4","valido","1","","","Francisco","2026-06-23 03:10"
"bp_072","BENCH PRESS","1","bp_072_cam1.mp4","valido","1","","","Francisco","2026-06-23 03:10"
"bp_073","BENCH PRESS","1","bp_073_cam1.mp4","valido","1","","","Francisco","2026-06-23 03:10"
"bp_074","BENCH PRESS","1","bp_074_cam1.mp4","valido","1","","","Francisco","2026-06-23 03:10"
"bp_075","BENCH PRESS","1","bp_075_cam1.mp4","valido","1","","","Francisco","2026-06-23 03:10"
"bp_076","BENCH PRESS","1","bp_076_cam1.mp4","valido","1","","","Francisco","2026-06-23 03:10"
"bp_077","BENCH PRESS","1","bp_077_cam1.mp4","invalido","0","BP-10","No obedecer señal del árbitro en inicio, durante o finalización","Francisco","2026-06-23 03:11"
"bp_078","BENCH PRESS","1","bp_078_cam1.mp4","invalido","0","BP-10","No obedecer señal del árbitro en inicio, durante o finalización","Francisco","2026-06-23 03:11"
"bp_079","BENCH PRESS","1","bp_079_cam1.mp4","valido","1","","","Francisco","2026-06-23 03:11"
"bp_080","BENCH PRESS","1","bp_080_cam1.mp4","invalido","0","BP-10","No obedecer señal del árbitro en inicio, durante o finalización","Francisco","2026-06-23 03:11"
"bp_081","BENCH PRESS","1","bp_081_cam1.mp4","invalido","0","BP-10","No obedecer señal del árbitro en inicio, durante o finalización","Francisco","2026-06-23 03:11"
"bp_082","BENCH PRESS","1","bp_082_cam1.mp4","invalido","0","BP-10","No obedecer señal del árbitro en inicio, durante o finalización","Francisco","2026-06-23 03:12"
"bp_083","BENCH PRESS","1","bp_083_cam1.mp4","valido","1","","","Francisco","2026-06-23 03:12"
"bp_084","BENCH PRESS","1","bp_084_cam1.mp4","valido","1","","","Francisco","2026-06-23 03:12"
"bp_085","BENCH PRESS","1","bp_085_cam1.mp4","valido","1","","","Francisco","2026-06-23 03:12"
"bp_086","BENCH PRESS","1","bp_086_cam1.mp4","valido","1","","","Francisco","2026-06-23 03:12"
"bp_087","BENCH PRESS","1","bp_087_cam1.mp4","valido","1","","","Francisco","2026-06-23 03:12"
"bp_088","BENCH PRESS","1","bp_088_cam1.mp4","invalido","0","BP-10","No obedecer señal del árbitro en inicio, durante o finalización","Francisco","2026-06-23 03:12"
"bp_089","BENCH PRESS","1","bp_089_cam1.mp4","invalido","0","BP-10","No obedecer señal del árbitro en inicio, durante o finalización","Francisco","2026-06-23 03:13"
"bp_090","BENCH PRESS","1","bp_090_cam1.mp4","invalido","0","BP-10","No obedecer señal del árbitro en inicio, durante o finalización","Francisco","2026-06-23 03:13"
"bp_091","BENCH PRESS","1","bp_091_cam1.mp4","invalido","0","BP-10","No obedecer señal del árbitro en inicio, durante o finalización","Francisco","2026-06-23 03:13"
"bp_092","BENCH PRESS","1","bp_092_cam1.mp4","invalido","0","BP-01","La barra no desciende al pecho/abdomen o toca el cinturón","Francisco","2026-06-23 03:13"
"bp_093","BENCH PRESS","1","bp_093_cam1.mp4","valido","1","","","Francisco","2026-06-23 03:13"
"bp_094","BENCH PRESS","1","bp_094_cam1.mp4","invalido","0","BP-10","No obedecer señal del árbitro en inicio, durante o finalización","Francisco","2026-06-23 03:14"
"bp_095","BENCH PRESS","1","bp_095_cam1.mp4","valido","1","","","Francisco","2026-06-23 03:15"
"bp_096","BENCH PRESS","1","bp_096_cam1.mp4","valido","1","","","Francisco","2026-06-23 03:15"
"bp_097","BENCH PRESS","1","bp_097_cam1.mp4","invalido","0","BP-10","No obedecer señal del árbitro en inicio, durante o finalización","Francisco","2026-06-23 03:15"
"bp_098","BENCH PRESS","1","bp_098_cam1.mp4","invalido","0","BP-01","La barra no desciende al pecho/abdomen o toca el cinturón","Francisco","2026-06-23 03:15"
"bp_099","BENCH PRESS","1","bp_099_cam1.mp4","invalido","0","BP-10","No obedecer señal del árbitro en inicio, durante o finalización","Francisco","2026-06-23 03:15"
"bp_100","BENCH PRESS","1","bp_100_cam1.mp4","invalido","0","BP-10","No obedecer señal del árbitro en inicio, durante o finalización","Francisco","2026-06-23 03:15"
"bp_101","BENCH PRESS","1","bp_101_cam1.mp4","invalido","0","BP-10","No obedecer señal del árbitro en inicio, durante o finalización","Francisco","2026-06-23 03:16"
"bp_102","BENCH PRESS","1","bp_102_cam1.mp4","invalido","0","BP-10","No obedecer señal del árbitro en inicio, durante o finalización","Francisco","2026-06-23 03:16"
"bp_103","BENCH PRESS","1","bp_103_cam1.mp4","invalido","0","BP-10","No obedecer señal del árbitro en inicio, durante o finalización","Francisco","2026-06-23 03:16"
"bp_104","BENCH PRESS","1","bp_104_cam1.mp4","invalido","0","BP-10","No obedecer señal del árbitro en inicio, durante o finalización","Francisco","2026-06-23 03:17"
"bp_105","BENCH PRESS","1","bp_105_cam1.mp4","invalido","0","BP-10","No obedecer señal del árbitro en inicio, durante o finalización","Francisco","2026-06-23 03:17"
"bp_106","BENCH PRESS","1","bp_106_cam1.mp4","valido","1","","","Francisco","2026-06-23 03:19"
"bp_107","BENCH PRESS","1","bp_107_cam1.mp4","valido","1","","","Francisco","2026-06-23 03:19"
"bp_108","BENCH PRESS","1","bp_108_cam1.mp4","valido","1","","","Francisco","2026-06-23 03:19"
"bp_109","BENCH PRESS","1","bp_109_cam1.mp4","valido","1","","","Francisco","2026-06-23 03:19"
"bp_110","BENCH PRESS","1","bp_110_cam1.mp4","valido","1","","","Francisco","2026-06-23 03:19"
"bp_111","BENCH PRESS","1","bp_111_cam1.mp4","valido","1","","","Francisco","2026-06-23 03:19"
"bp_112","BENCH PRESS","1","bp_112_cam1.mp4","valido","1","","","Francisco","2026-06-23 03:19"
"bp_113","BENCH PRESS","1","bp_113_cam1.mp4","valido","1","","","Francisco","2026-06-23 03:19"
"bp_114","BENCH PRESS","1","bp_114_cam1.mp4","valido","1","","","Francisco","2026-06-23 03:19"
"bp_115","BENCH PRESS","1","bp_115_cam1.mp4","valido","1","","","Francisco","2026-06-23 03:19"
"bp_116","BENCH PRESS","1","bp_116_cam1.mp4","valido","1","","","Francisco","2026-06-23 03:19"
"bp_117","BENCH PRESS","1","bp_117_cam1.mp4","valido","1","","","Francisco","2026-06-23 03:19"
"bp_118","BENCH PRESS","1","bp_118_cam1.mp4","valido","1","","","Francisco","2026-06-23 03:19"
"bp_119","BENCH PRESS","1","bp_119_cam1.mp4","valido","1","","","Francisco","2026-06-23 03:19"
"bp_120","BENCH PRESS","1","bp_120_cam1.mp4","valido","1","","","Francisco","2026-06-23 03:19"
"bp_121","BENCH PRESS","1","bp_121_cam1.mp4","invalido","0","BP-08","Cabeza, hombros o glúteos se levantan del banco","Francisco","2026-06-23 03:20"
"bp_122","BENCH PRESS","1","bp_122_cam1.mp4","valido","1","","","Francisco","2026-06-23 03:20"
"bp_123","BENCH PRESS","1","bp_123_cam1.mp4","valido","1","","","Francisco","2026-06-23 03:20"
"bp_124","BENCH PRESS","1","bp_124_cam1.mp4","valido","1","","","Francisco","2026-06-23 03:21"
"bp_125","BENCH PRESS","1","bp_125_cam1.mp4","invalido","0","BP-01","La barra no desciende al pecho/abdomen o toca el cinturón","Francisco","2026-06-23 03:21"
"bp_126","BENCH PRESS","1","bp_126_cam1.mp4","invalido","0","BP-01","La barra no desciende al pecho/abdomen o toca el cinturón","Francisco","2026-06-23 03:21"
"bp_127","BENCH PRESS","1","bp_127_cam1.mp4","invalido","0","BP-01","La barra no desciende al pecho/abdomen o toca el cinturón","Francisco","2026-06-23 03:21"
"bp_128","BENCH PRESS","1","bp_128_cam1.mp4","invalido","0","BP-01","La barra no desciende al pecho/abdomen o toca el cinturón","Francisco","2026-06-23 03:21"
"bp_129","BENCH PRESS","1","bp_129_cam1.mp4","invalido","0","BP-01","La barra no desciende al pecho/abdomen o toca el cinturón","Francisco","2026-06-23 03:21"
"bp_130","BENCH PRESS","1","bp_130_cam1.mp4","invalido","0","BP-01","La barra no desciende al pecho/abdomen o toca el cinturón","Francisco","2026-06-23 03:21"
"bp_131","BENCH PRESS","1","bp_131_cam1.mp4","valido","1","","","Francisco","2026-06-23 03:21"
"bp_132","BENCH PRESS","1","bp_132_cam1.mp4","valido","1","","","Francisco","2026-06-23 03:22"
"bp_133","BENCH PRESS","1","bp_133_cam1.mp4","valido","1","","","Francisco","2026-06-23 03:22"
"bp_134","BENCH PRESS","1","bp_134_cam1.mp4","valido","1","","","Francisco","2026-06-23 03:22"
"bp_135","BENCH PRESS","1","bp_135_cam1.mp4","valido","1","","","Francisco","2026-06-23 03:22"
"bp_136","BENCH PRESS","1","bp_136_cam1.mp4","valido","1","","","Francisco","2026-06-23 03:22"
"bp_137","BENCH PRESS","1","bp_137_cam1.mp4","valido","1","","","Francisco","2026-06-23 03:22"
"bp_138","BENCH PRESS","1","bp_138_cam1.mp4","invalido","0","BP-10","No obedecer señal del árbitro en inicio, durante o finalización","Francisco","2026-06-23 03:22"
"bp_139","BENCH PRESS","1","bp_139_cam1.mp4","valido","1","","","Francisco","2026-06-23 03:24"
"bp_140","BENCH PRESS","1","bp_140_cam1.mp4","valido","1","","","Francisco","2026-06-23 03:24"
"bp_141","BENCH PRESS","1","bp_141_cam1.mp4","valido","1","","","Francisco","2026-06-23 03:24"
"bp_142","BENCH PRESS","1","bp_142_cam1.mp4","valido","1","","","Francisco","2026-06-23 03:24"
"bp_143","BENCH PRESS","1","bp_143_cam1.mp4","invalido","0","BP-08","Cabeza, hombros o glúteos se levantan del banco","Francisco","2026-06-23 03:24"
"bp_144","BENCH PRESS","1","bp_144_cam1.mp4","valido","1","","","Francisco","2026-06-23 03:24"
"bp_145","BENCH PRESS","1","bp_145_cam1.mp4","invalido","0","BP-11","Pies del atleta contactan el banco o sus soportes / levantar los pies","Francisco","2026-06-23 03:24"
"bp_146","BENCH PRESS","1","bp_146_cam1.mp4","valido","1","","","Francisco","2026-06-23 03:26"
"bp_147","BENCH PRESS","1","bp_147_cam1.mp4","valido","1","","","Francisco","2026-06-23 03:26"
"bp_148","BENCH PRESS","1","bp_148_cam1.mp4","valido","1","","","Francisco","2026-06-23 03:26"
"bp_149","BENCH PRESS","1","bp_149_cam1.mp4","valido","1","","","Francisco","2026-06-23 03:26"
"bp_150","BENCH PRESS","1","bp_150_cam1.mp4","valido","1","","","Francisco","2026-06-23 03:26"
"bp_151","BENCH PRESS","1","bp_151_cam1.mp4","valido","1","","","Francisco","2026-06-23 03:26"
"bp_152","BENCH PRESS","1","bp_152_cam1.mp4","valido","1","","","Francisco","2026-06-23 03:27"
"bp_153","BENCH PRESS","1","bp_153_cam1.mp4","invalido","0","BP-10","No obedecer señal del árbitro en inicio, durante o finalización","Francisco","2026-06-23 03:27"
"bp_154","BENCH PRESS","1","bp_154_cam1.mp4","invalido","0","BP-10","No obedecer señal del árbitro en inicio, durante o finalización","Francisco","2026-06-23 03:29"
"bp_155","BENCH PRESS","1","bp_155_cam1.mp4","invalido","0","BP-10","No obedecer señal del árbitro en inicio, durante o finalización","Francisco","2026-06-23 03:29"
"bp_156","BENCH PRESS","1","bp_156_cam1.mp4","valido","1","","","Francisco","2026-06-23 03:29"
"bp_157","BENCH PRESS","1","bp_157_cam1.mp4","valido","1","","","Francisco","2026-06-23 03:33"
"bp_158","BENCH PRESS","1","bp_158_cam1.mp4","valido","1","","","Francisco","2026-06-23 03:33"
"bp_159","BENCH PRESS","1","bp_159_cam1.mp4","valido","1","","","Francisco","2026-06-23 03:33"
"bp_160","BENCH PRESS","1","bp_160_cam1.mp4","valido","1","","","Francisco","2026-06-23 03:33"
"bp_161","BENCH PRESS","1","bp_161_cam1.mp4","valido","1","","","Francisco","2026-06-23 03:33"
"bp_162","BENCH PRESS","1","bp_162_cam1.mp4","valido","1","","","Francisco","2026-06-23 03:33"
"bp_163","BENCH PRESS","1","bp_163_cam1.mp4","valido","1","","","Francisco","2026-06-23 03:33"
"bp_164","BENCH PRESS","1","bp_164_cam1.mp4","valido","1","","","Francisco","2026-06-23 03:33"
"bp_165","BENCH PRESS","1","bp_165_cam1.mp4","valido","1","","","Francisco","2026-06-23 03:33"
"bp_166","BENCH PRESS","1","bp_166_cam1.mp4","valido","1","","","Francisco","2026-06-23 03:33"
"bp_167","BENCH PRESS","1","bp_167_cam1.mp4","valido","1","","","Francisco","2026-06-23 03:33"
"bp_168","BENCH PRESS","1","bp_168_cam1.mp4","valido","1","","","Francisco","2026-06-23 03:33"
"bp_169","BENCH PRESS","1","bp_169_cam1.mp4","valido","1","","","Francisco","2026-06-23 03:33"
"bp_170","BENCH PRESS","1","bp_170_cam1.mp4","valido","1","","","Francisco","2026-06-23 03:33"
"bp_171","BENCH PRESS","1","bp_171_cam1.mp4","valido","1","","","Francisco","2026-06-23 03:33"
"bp_172","BENCH PRESS","1","bp_172_cam1.mp4","valido","1","","","Francisco","2026-06-23 03:33"
"bp_173","BENCH PRESS","1","bp_173_cam1.mp4","valido","1","","","Francisco","2026-06-23 03:33"
"bp_174","BENCH PRESS","1","bp_174_cam1.mp4","valido","1","","","Francisco","2026-06-23 03:33"
"bp_175","BENCH PRESS","1","bp_175_cam1.mp4","valido","1","","","Francisco","2026-06-23 03:33"
"bp_176","BENCH PRESS","1","bp_176_cam1.mp4","valido","1","","","Francisco","2026-06-23 03:33"
"bp_177","BENCH PRESS","1","bp_177_cam1.mp4","valido","1","","","Francisco","2026-06-23 03:33"
"bp_178","BENCH PRESS","1","bp_178_cam1.mp4","invalido","0","BP-08","Cabeza, hombros o glúteos se levantan del banco","Francisco","2026-06-23 03:33"
"bp_179","BENCH PRESS","1","bp_179_cam1.mp4","invalido","0","BP-08","Cabeza, hombros o glúteos se levantan del banco","Francisco","2026-06-23 03:33"
"bp_180","BENCH PRESS","1","bp_180_cam1.mp4","invalido","0","BP-10|BP-03","No obedecer señal del árbitro en inicio, durante o finalización | Movimiento descendente de la barra durante el press","Francisco","2026-06-23 03:33"
"bp_181","BENCH PRESS","1","bp_181_cam1.mp4","invalido","0","BP-11","Pies del atleta contactan el banco o sus soportes / levantar los pies","Francisco","2026-06-23 03:34"
"bp_182","BENCH PRESS","1","bp_182_cam1.mp4","invalido","0","BP-08","Cabeza, hombros o glúteos se levantan del banco","Francisco","2026-06-23 03:34"
"bp_183","BENCH PRESS","1","bp_183_cam1.mp4","invalido","0","BP-08","Cabeza, hombros o glúteos se levantan del banco","Francisco","2026-06-23 03:35"
"bp_184","BENCH PRESS","1","bp_184_cam1.mp4","invalido","0","BP-11","Pies del atleta contactan el banco o sus soportes / levantar los pies","Francisco","2026-06-23 03:35"
"bp_185","BENCH PRESS","1","bp_185_cam1.mp4","invalido","0","BP-11","Pies del atleta contactan el banco o sus soportes / levantar los pies","Francisco","2026-06-23 03:35"
"bp_186","BENCH PRESS","1","bp_186_cam1.mp4","invalido","0","BP-08","Cabeza, hombros o glúteos se levantan del banco","Francisco","2026-06-23 03:35"
"bp_187","BENCH PRESS","1","bp_187_cam1.mp4","invalido","0","BP-08","Cabeza, hombros o glúteos se levantan del banco","Francisco","2026-06-23 03:36"
"bp_188","BENCH PRESS","1","bp_188_cam1.mp4","valido","1","","","Francisco","2026-06-23 03:37"
"bp_189","BENCH PRESS","1","bp_189_cam1.mp4","valido","1","","","Francisco","2026-06-23 03:38"
"bp_190","BENCH PRESS","1","bp_190_cam1.mp4","valido","1","","","Francisco","2026-06-23 03:38"
"bp_191","BENCH PRESS","1","bp_191_cam1.mp4","invalido","0","BP-11","Pies del atleta contactan el banco o sus soportes / levantar los pies","Francisco","2026-06-23 03:39"
"bp_192","BENCH PRESS","1","bp_192_cam1.mp4","invalido","0","BP-11","Pies del atleta contactan el banco o sus soportes / levantar los pies","Francisco","2026-06-23 03:40"
"bp_193","BENCH PRESS","1","bp_193_cam1.mp4","invalido","0","BP-11","Pies del atleta contactan el banco o sus soportes / levantar los pies","Francisco","2026-06-23 03:40"
"bp_194","BENCH PRESS","1","bp_194_cam1.mp4","invalido","0","BP-11","Pies del atleta contactan el banco o sus soportes / levantar los pies","Francisco","2026-06-23 03:40"
"bp_195","BENCH PRESS","1","bp_195_cam1.mp4","invalido","0","BP-11","Pies del atleta contactan el banco o sus soportes / levantar los pies","Francisco","2026-06-23 03:40"
"bp_196","BENCH PRESS","1","bp_196_cam1.mp4","invalido","0","BP-11","Pies del atleta contactan el banco o sus soportes / levantar los pies","Francisco","2026-06-23 03:40"
"bp_197","BENCH PRESS","1","bp_197_cam1.mp4","invalido","0","BP-11","Pies del atleta contactan el banco o sus soportes / levantar los pies","Francisco","2026-06-23 03:40"
"bp_198","BENCH PRESS","1","bp_198_cam1.mp4","invalido","0","BP-11","Pies del atleta contactan el banco o sus soportes / levantar los pies","Francisco","2026-06-23 03:40"
"bp_199","BENCH PRESS","1","bp_199_cam1.mp4","invalido","0","BP-10","No obedecer señal del árbitro en inicio, durante o finalización","Francisco","2026-06-23 03:40"
"bp_200","BENCH PRESS","1","bp_200_cam1.mp4","invalido","0","BP-10","No obedecer señal del árbitro en inicio, durante o finalización","Francisco","2026-06-23 03:41"
"bp_201","BENCH PRESS","1","bp_201_cam1.mp4","invalido","0","BP-10","No obedecer señal del árbitro en inicio, durante o finalización","Francisco","2026-06-23 03:43"
"bp_202","BENCH PRESS","1","bp_202_cam1.mp4","invalido","0","BP-10","No obedecer señal del árbitro en inicio, durante o finalización","Francisco","2026-06-23 03:43"
"bp_203","BENCH PRESS","1","bp_203_cam1.mp4","invalido","0","BP-11","Pies del atleta contactan el banco o sus soportes / levantar los pies","Francisco","2026-06-23 03:45"
"bp_204","BENCH PRESS","1","bp_204_cam1.mp4","invalido","0","BP-11","Pies del atleta contactan el banco o sus soportes / levantar los pies","Francisco","2026-06-23 03:45"
"bp_205","BENCH PRESS","1","bp_205_cam1.mp4","invalido","0","BP-11","Pies del atleta contactan el banco o sus soportes / levantar los pies","Francisco","2026-06-23 03:45"
"bp_206","BENCH PRESS","1","bp_206_cam1.mp4","invalido","0","BP-11","Pies del atleta contactan el banco o sus soportes / levantar los pies","Francisco","2026-06-23 03:45"
"bp_207","BENCH PRESS","1","bp_207_cam1.mp4","invalido","0","BP-11","Pies del atleta contactan el banco o sus soportes / levantar los pies","Francisco","2026-06-23 03:45"
"bp_208","BENCH PRESS","1","bp_208_cam1.mp4","invalido","0","BP-11","Pies del atleta contactan el banco o sus soportes / levantar los pies","Francisco","2026-06-23 03:45"
"bp_209","BENCH PRESS","1","bp_209_cam1.mp4","invalido","0","BP-11","Pies del atleta contactan el banco o sus soportes / levantar los pies","Francisco","2026-06-23 03:46"
"bp_210","BENCH PRESS","1","bp_210_cam1.mp4","invalido","0","BP-11","Pies del atleta contactan el banco o sus soportes / levantar los pies","Francisco","2026-06-23 03:46"
"bp_211","BENCH PRESS","1","bp_211_cam1.mp4","invalido","0","BP-11","Pies del atleta contactan el banco o sus soportes / levantar los pies","Francisco","2026-06-23 03:46"
"bp_212","BENCH PRESS","1","bp_212_cam1.mp4","invalido","0","BP-11","Pies del atleta contactan el banco o sus soportes / levantar los pies","Francisco","2026-06-23 03:46"
"bp_213","BENCH PRESS","1","bp_213_cam1.mp4","invalido","0","BP-11","Pies del atleta contactan el banco o sus soportes / levantar los pies","Francisco","2026-06-23 03:46"
"bp_214","BENCH PRESS","1","bp_214_cam1.mp4","invalido","0","BP-11","Pies del atleta contactan el banco o sus soportes / levantar los pies","Francisco","2026-06-23 03:46"
"bp_215","BENCH PRESS","1","bp_215_cam1.mp4","invalido","0","BP-10","No obedecer señal del árbitro en inicio, durante o finalización","Francisco","2026-06-23 03:46"
"bp_216","BENCH PRESS","1","bp_216_cam1.mp4","invalido","0","BP-10","No obedecer señal del árbitro en inicio, durante o finalización","Francisco","2026-06-23 03:46"
"bp_217","BENCH PRESS","1","bp_217_cam1.mp4","invalido","0","BP-10","No obedecer señal del árbitro en inicio, durante o finalización","Francisco","2026-06-23 03:46"
"bp_218","BENCH PRESS","1","bp_218_cam1.mp4","invalido","0","BP-10","No obedecer señal del árbitro en inicio, durante o finalización","Francisco","2026-06-23 03:47"
"bp_219","BENCH PRESS","1","bp_219_cam1.mp4","invalido","0","BP-10","No obedecer señal del árbitro en inicio, durante o finalización","Francisco","2026-06-23 03:47"
"bp_220","BENCH PRESS","1","bp_220_cam1.mp4","invalido","0","BP-11","Pies del atleta contactan el banco o sus soportes / levantar los pies","Francisco","2026-06-23 03:47"
"bp_221","BENCH PRESS","1","bp_221_cam1.mp4","invalido","0","BP-11","Pies del atleta contactan el banco o sus soportes / levantar los pies","Francisco","2026-06-23 03:48"
"bp_222","BENCH PRESS","1","bp_222_cam1.mp4","invalido","0","BP-11","Pies del atleta contactan el banco o sus soportes / levantar los pies","Francisco","2026-06-23 03:48"
"bp_223","BENCH PRESS","1","bp_223_cam1.mp4","invalido","0","BP-10","No obedecer señal del árbitro en inicio, durante o finalización","Francisco","2026-06-23 03:48"
"bp_224","BENCH PRESS","1","bp_224_cam1.mp4","invalido","0","BP-10","No obedecer señal del árbitro en inicio, durante o finalización","Francisco","2026-06-23 03:48"
"bp_225","BENCH PRESS","1","bp_225_cam1.mp4","invalido","0","BP-10","No obedecer señal del árbitro en inicio, durante o finalización","Francisco","2026-06-23 03:55"
"bp_226","BENCH PRESS","1","bp_226_cam1.mp4","invalido","0","BP-10","No obedecer señal del árbitro en inicio, durante o finalización","Francisco","2026-06-23 03:55"
"bp_227","BENCH PRESS","1","bp_227_cam1.mp4","invalido","0","BP-10","No obedecer señal del árbitro en inicio, durante o finalización","Francisco","2026-06-23 03:55"
"bp_228","BENCH PRESS","1","bp_228_cam1.mp4","invalido","0","BP-10","No obedecer señal del árbitro en inicio, durante o finalización","Francisco","2026-06-23 03:55"
"bp_229","BENCH PRESS","1","bp_229_cam1.mp4","invalido","0","BP-10","No obedecer señal del árbitro en inicio, durante o finalización","Francisco","2026-06-23 03:55"
"bp_230","BENCH PRESS","1","bp_230_cam1.mp4","invalido","0","BP-10","No obedecer señal del árbitro en inicio, durante o finalización","Francisco","2026-06-23 03:57"
"bp_231","BENCH PRESS","1","bp_231_cam1.mp4","invalido","0","BP-10","No obedecer señal del árbitro en inicio, durante o finalización","Francisco","2026-06-23 03:57"
"bp_232","BENCH PRESS","1","bp_232_cam1.mp4","invalido","0","BP-10","No obedecer señal del árbitro en inicio, durante o finalización","Francisco","2026-06-23 03:57"
"bp_233","BENCH PRESS","1","bp_233_cam1.mp4","invalido","0","BP-10","No obedecer señal del árbitro en inicio, durante o finalización","Francisco","2026-06-23 03:57"
"bp_234","BENCH PRESS","1","bp_234_cam1.mp4","invalido","0","BP-10","No obedecer señal del árbitro en inicio, durante o finalización","Francisco","2026-06-23 03:57"
"bp_235","BENCH PRESS","1","bp_235_cam1.mp4","invalido","0","BP-10","No obedecer señal del árbitro en inicio, durante o finalización","Francisco","2026-06-23 03:57"
"bp_236","BENCH PRESS","1","bp_236_cam1.mp4","invalido","0","BP-10","No obedecer señal del árbitro en inicio, durante o finalización","Francisco","2026-06-23 03:57"
"bp_237","BENCH PRESS","1","bp_237_cam1.mp4","invalido","0","BP-10","No obedecer señal del árbitro en inicio, durante o finalización","Francisco","2026-06-23 03:57"
"bp_238","BENCH PRESS","1","bp_238_cam1.mp4","invalido","0","BP-10","No obedecer señal del árbitro en inicio, durante o finalización","Francisco","2026-06-23 03:57"
"bp_239","BENCH PRESS","1","bp_239_cam1.mp4","valido","1","","","Francisco","2026-06-23 03:57"
"bp_240","BENCH PRESS","1","bp_240_cam1.mp4","valido","1","","","Francisco","2026-06-23 03:58"
"bp_241","BENCH PRESS","1","bp_241_cam1.mp4","valido","1","","","Francisco","2026-06-23 03:58"
"bp_242","BENCH PRESS","1","bp_242_cam1.mp4","valido","1","","","Francisco","2026-06-23 03:58"
"bp_243","BENCH PRESS","1","bp_243_cam1.mp4","invalido","0","BP-11","Pies del atleta contactan el banco o sus soportes / levantar los pies","Francisco","2026-06-23 03:58"
"bp_244","BENCH PRESS","1","bp_244_cam1.mp4","invalido","0","BP-11","Pies del atleta contactan el banco o sus soportes / levantar los pies","Francisco","2026-06-23 03:59"
"bp_245","BENCH PRESS","1","bp_245_cam1.mp4","invalido","0","BP-11","Pies del atleta contactan el banco o sus soportes / levantar los pies","Francisco","2026-06-23 03:59"
"bp_246","BENCH PRESS","1","bp_246_cam1.mp4","invalido","0","BP-03|BP-08","Movimiento descendente de la barra durante el press | Cabeza, hombros o glúteos se levantan del banco","Francisco","2026-06-26 01:07"
"bp_247","BENCH PRESS","1","bp_247_cam1.mp4","invalido","0","BP-01","La barra no desciende al pecho/abdomen o toca el cinturón","Francisco","2026-06-26 01:10"
"bp_248","BENCH PRESS","1","bp_248_cam1.mp4","invalido","0","BP-01","La barra no desciende al pecho/abdomen o toca el cinturón","Francisco","2026-06-26 01:10"
"bp_249","BENCH PRESS","1","bp_249_cam1.mp4","invalido","0","BP-10","No obedecer señal del árbitro en inicio, durante o finalización","Francisco","2026-06-26 01:10"
"bp_250","BENCH PRESS","1","bp_250_cam1.mp4","invalido","0","BP-01","La barra no desciende al pecho/abdomen o toca el cinturón","Francisco","2026-06-26 01:10"
"bp_251","BENCH PRESS","1","bp_251_cam1.mp4","invalido","0","BP-01","La barra no desciende al pecho/abdomen o toca el cinturón","Francisco","2026-06-26 01:10"
"bp_252","BENCH PRESS","1","bp_252_cam1.mp4","invalido","0","BP-01","La barra no desciende al pecho/abdomen o toca el cinturón","Francisco","2026-06-26 01:11"
"bp_253","BENCH PRESS","1","bp_253_cam1.mp4","invalido","0","BP-01","La barra no desciende al pecho/abdomen o toca el cinturón","Francisco","2026-06-26 01:11"
"bp_254","BENCH PRESS","1","bp_254_cam1.mp4","invalido","0","BP-01","La barra no desciende al pecho/abdomen o toca el cinturón","Francisco","2026-06-26 01:11"
"bp_255","BENCH PRESS","1","bp_255_cam1.mp4","invalido","0","BP-10|BP-01","No obedecer señal del árbitro en inicio, durante o finalización | La barra no desciende al pecho/abdomen o toca el cinturón","Francisco","2026-06-26 01:19"
"bp_256","BENCH PRESS","1","bp_256_cam1.mp4","invalido","0","BP-10","No obedecer señal del árbitro en inicio, durante o finalización","Francisco","2026-06-26 01:15"
"bp_257","BENCH PRESS","1","bp_257_cam1.mp4","invalido","0","BP-10|BP-01","No obedecer señal del árbitro en inicio, durante o finalización | La barra no desciende al pecho/abdomen o toca el cinturón","Francisco","2026-06-26 01:19"
"bp_258","BENCH PRESS","1","bp_258_cam1.mp4","invalido","0","BP-10|BP-01","No obedecer señal del árbitro en inicio, durante o finalización | La barra no desciende al pecho/abdomen o toca el cinturón","Francisco","2026-06-26 01:19"
"bp_259","BENCH PRESS","1","bp_259_cam1.mp4","invalido","0","BP-10|BP-01","No obedecer señal del árbitro en inicio, durante o finalización | La barra no desciende al pecho/abdomen o toca el cinturón","Francisco","2026-06-26 01:19"
"bp_260","BENCH PRESS","1","bp_260_cam1.mp4","invalido","0","BP-10|BP-01","No obedecer señal del árbitro en inicio, durante o finalización | La barra no desciende al pecho/abdomen o toca el cinturón","Francisco","2026-06-26 01:19"
"bp_261","BENCH PRESS","1","bp_261_cam1.mp4","invalido","0","BP-10|BP-01","No obedecer señal del árbitro en inicio, durante o finalización | La barra no desciende al pecho/abdomen o toca el cinturón","Francisco","2026-06-26 01:19"
"bp_262","BENCH PRESS","1","bp_262_cam1.mp4","invalido","0","BP-01","La barra no desciende al pecho/abdomen o toca el cinturón","Francisco","2026-06-26 01:19"
"bp_263","BENCH PRESS","1","bp_263_cam1.mp4","invalido","0","BP-01","La barra no desciende al pecho/abdomen o toca el cinturón","Francisco","2026-06-26 01:19"
"bp_264","BENCH PRESS","1","bp_264_cam1.mp4","invalido","0","BP-10|BP-01","No obedecer señal del árbitro en inicio, durante o finalización | La barra no desciende al pecho/abdomen o toca el cinturón","Francisco","2026-06-26 01:19"
"bp_265","BENCH PRESS","1","bp_265_cam1.mp4","invalido","0","BP-10|BP-01","No obedecer señal del árbitro en inicio, durante o finalización | La barra no desciende al pecho/abdomen o toca el cinturón","Francisco","2026-06-26 01:20"
"bp_266","BENCH PRESS","1","bp_266_cam1.mp4","invalido","0","BP-10|BP-01","No obedecer señal del árbitro en inicio, durante o finalización | La barra no desciende al pecho/abdomen o toca el cinturón","Francisco","2026-06-26 01:20"
"bp_267","BENCH PRESS","1","bp_267_cam1.mp4","invalido","0","BP-10|BP-01","No obedecer señal del árbitro en inicio, durante o finalización | La barra no desciende al pecho/abdomen o toca el cinturón","Francisco","2026-06-26 01:20"
"bp_268","BENCH PRESS","1","bp_268_cam1.mp4","invalido","0","BP-10","No obedecer señal del árbitro en inicio, durante o finalización","Francisco","2026-06-26 01:20"
"bp_269","BENCH PRESS","1","bp_269_cam1.mp4","invalido","0","BP-10|BP-01","No obedecer señal del árbitro en inicio, durante o finalización | La barra no desciende al pecho/abdomen o toca el cinturón","Francisco","2026-06-26 01:20"
"bp_270","BENCH PRESS","1","bp_270_cam1.mp4","invalido","0","BP-10|BP-01","No obedecer señal del árbitro en inicio, durante o finalización | La barra no desciende al pecho/abdomen o toca el cinturón","Francisco","2026-06-26 01:20"
"bp_271","BENCH PRESS","1","bp_271_cam1.mp4","invalido","0","BP-10|BP-01","No obedecer señal del árbitro en inicio, durante o finalización | La barra no desciende al pecho/abdomen o toca el cinturón","Francisco","2026-06-26 01:20"
"bp_272","BENCH PRESS","1","bp_272_cam1.mp4","invalido","0","BP-10|BP-01","No obedecer señal del árbitro en inicio, durante o finalización | La barra no desciende al pecho/abdomen o toca el cinturón","Francisco","2026-06-26 01:20"
"bp_273","BENCH PRESS","1","bp_273_cam1.mp4","invalido","0","BP-10|BP-01","No obedecer señal del árbitro en inicio, durante o finalización | La barra no desciende al pecho/abdomen o toca el cinturón","Francisco","2026-06-26 01:20"
"bp_274","BENCH PRESS","1","bp_274_cam1.mp4","invalido","0","BP-10|BP-01","No obedecer señal del árbitro en inicio, durante o finalización | La barra no desciende al pecho/abdomen o toca el cinturón","Francisco","2026-06-26 01:20"
"bp_275","BENCH PRESS","1","bp_275_cam1.mp4","invalido","0","BP-10|BP-01","No obedecer señal del árbitro en inicio, durante o finalización | La barra no desciende al pecho/abdomen o toca el cinturón","Francisco","2026-06-26 01:20"
"bp_276","BENCH PRESS","1","bp_276_cam1.mp4","invalido","0","BP-10|BP-01","No obedecer señal del árbitro en inicio, durante o finalización | La barra no desciende al pecho/abdomen o toca el cinturón","Francisco","2026-06-26 01:20"
"bp_277","BENCH PRESS","1","bp_277_cam1.mp4","invalido","0","BP-10|BP-01","No obedecer señal del árbitro en inicio, durante o finalización | La barra no desciende al pecho/abdomen o toca el cinturón","Francisco","2026-06-26 01:20"
"bp_278","BENCH PRESS","1","bp_278_cam1.mp4","invalido","0","BP-10|BP-01","No obedecer señal del árbitro en inicio, durante o finalización | La barra no desciende al pecho/abdomen o toca el cinturón","Francisco","2026-06-26 01:20"
"bp_279","BENCH PRESS","1","bp_279_cam1.mp4","invalido","0","BP-10|BP-01","No obedecer señal del árbitro en inicio, durante o finalización | La barra no desciende al pecho/abdomen o toca el cinturón","Francisco","2026-06-26 01:20"
"bp_280","BENCH PRESS","1","bp_280_cam1.mp4","invalido","0","BP-10|BP-01","No obedecer señal del árbitro en inicio, durante o finalización | La barra no desciende al pecho/abdomen o toca el cinturón","Francisco","2026-06-26 01:20"
"bp_281","BENCH PRESS","1","bp_281_cam1.mp4","invalido","0","BP-10|BP-01","No obedecer señal del árbitro en inicio, durante o finalización | La barra no desciende al pecho/abdomen o toca el cinturón","Francisco","2026-06-26 01:20"
"bp_282","BENCH PRESS","1","bp_282_cam1.mp4","invalido","0","BP-10|BP-01","No obedecer señal del árbitro en inicio, durante o finalización | La barra no desciende al pecho/abdomen o toca el cinturón","Francisco","2026-06-26 01:20"
"bp_283","BENCH PRESS","1","bp_283_cam1.mp4","invalido","0","BP-10|BP-01","No obedecer señal del árbitro en inicio, durante o finalización | La barra no desciende al pecho/abdomen o toca el cinturón","Francisco","2026-06-26 01:20"
"bp_284","BENCH PRESS","1","bp_284_cam1.mp4","invalido","0","BP-10|BP-01","No obedecer señal del árbitro en inicio, durante o finalización | La barra no desciende al pecho/abdomen o toca el cinturón","Francisco","2026-06-26 01:20"
"bp_285","BENCH PRESS","1","bp_285_cam1.mp4","invalido","0","BP-10|BP-01","No obedecer señal del árbitro en inicio, durante o finalización | La barra no desciende al pecho/abdomen o toca el cinturón","Francisco","2026-06-26 01:20"
"bp_286","BENCH PRESS","1","bp_286_cam1.mp4","invalido","0","BP-10|BP-01","No obedecer señal del árbitro en inicio, durante o finalización | La barra no desciende al pecho/abdomen o toca el cinturón","Francisco","2026-06-26 01:20"
"bp_287","BENCH PRESS","1","bp_287_cam1.mp4","invalido","0","BP-10","No obedecer señal del árbitro en inicio, durante o finalización","Francisco","2026-06-26 01:21"
"bp_288","BENCH PRESS","1","bp_288_cam1.mp4","invalido","0","BP-10","No obedecer señal del árbitro en inicio, durante o finalización","Francisco","2026-06-26 01:21"
"bp_289","BENCH PRESS","1","bp_289_cam1.mp4","invalido","0","BP-10","No obedecer señal del árbitro en inicio, durante o finalización","Francisco","2026-06-26 01:21"
"bp_290","BENCH PRESS","1","bp_290_cam1.mp4","invalido","0","BP-10","No obedecer señal del árbitro en inicio, durante o finalización","Francisco","2026-06-26 01:21"
"bp_291","BENCH PRESS","1","bp_291_cam1.mp4","invalido","0","BP-08","Cabeza, hombros o glúteos se levantan del banco","Francisco","2026-06-26 01:21"
"bp_292","BENCH PRESS","1","bp_292_cam1.mp4","invalido","0","BP-08","Cabeza, hombros o glúteos se levantan del banco","Francisco","2026-06-26 01:22"
"bp_293","BENCH PRESS","1","bp_293_cam1.mp4","invalido","0","BP-01|BP-08","La barra no desciende al pecho/abdomen o toca el cinturón | Cabeza, hombros o glúteos se levantan del banco","Francisco","2026-06-26 01:24"
"bp_294","BENCH PRESS","1","bp_294_cam1.mp4","invalido","0","BP-01|BP-08","La barra no desciende al pecho/abdomen o toca el cinturón | Cabeza, hombros o glúteos se levantan del banco","Francisco","2026-06-26 01:24"
"bp_295","BENCH PRESS","1","bp_295_cam1.mp4","invalido","0","BP-08|BP-01","Cabeza, hombros o glúteos se levantan del banco | La barra no desciende al pecho/abdomen o toca el cinturón","Francisco","2026-06-26 01:24"
"bp_296","BENCH PRESS","1","bp_296_cam1.mp4","invalido","0","BP-08|BP-01","Cabeza, hombros o glúteos se levantan del banco | La barra no desciende al pecho/abdomen o toca el cinturón","Francisco","2026-06-26 01:24"
"bp_297","BENCH PRESS","1","bp_297_cam1.mp4","invalido","0","BP-01|BP-08","La barra no desciende al pecho/abdomen o toca el cinturón | Cabeza, hombros o glúteos se levantan del banco","Francisco","2026-06-26 01:24"
"bp_298","BENCH PRESS","1","bp_298_cam1.mp4","invalido","0","BP-08|BP-01","Cabeza, hombros o glúteos se levantan del banco | La barra no desciende al pecho/abdomen o toca el cinturón","Francisco","2026-06-26 01:24"
"bp_299","BENCH PRESS","1","bp_299_cam1.mp4","invalido","0","BP-08|BP-01","Cabeza, hombros o glúteos se levantan del banco | La barra no desciende al pecho/abdomen o toca el cinturón","Francisco","2026-06-26 01:24"
"bp_300","BENCH PRESS","1","bp_300_cam1.mp4","invalido","0","BP-08|BP-01","Cabeza, hombros o glúteos se levantan del banco | La barra no desciende al pecho/abdomen o toca el cinturón","Francisco","2026-06-26 01:24"
"bp_301","BENCH PRESS","1","bp_301_cam1.mp4","invalido","0","BP-08|BP-01","Cabeza, hombros o glúteos se levantan del banco | La barra no desciende al pecho/abdomen o toca el cinturón","Francisco","2026-06-26 01:24"
"bp_302","BENCH PRESS","1","bp_302_cam1.mp4","invalido","0","BP-08|BP-01","Cabeza, hombros o glúteos se levantan del banco | La barra no desciende al pecho/abdomen o toca el cinturón","Francisco","2026-06-26 01:24"
"bp_303","BENCH PRESS","1","bp_303_cam1.mp4","invalido","0","BP-08|BP-01","Cabeza, hombros o glúteos se levantan del banco | La barra no desciende al pecho/abdomen o toca el cinturón","Francisco","2026-06-26 01:24"
"bp_304","BENCH PRESS","1","bp_304_cam1.mp4","invalido","0","BP-08|BP-01","Cabeza, hombros o glúteos se levantan del banco | La barra no desciende al pecho/abdomen o toca el cinturón","Francisco","2026-06-26 01:24"
"bp_305","BENCH PRESS","1","bp_305_cam1.mp4","invalido","0","BP-08|BP-01","Cabeza, hombros o glúteos se levantan del banco | La barra no desciende al pecho/abdomen o toca el cinturón","Francisco","2026-06-26 01:24"
"bp_306","BENCH PRESS","1","bp_306_cam1.mp4","invalido","0","BP-08|BP-01","Cabeza, hombros o glúteos se levantan del banco | La barra no desciende al pecho/abdomen o toca el cinturón","Francisco","2026-06-26 01:24"
"bp_307","BENCH PRESS","1","bp_307_cam1.mp4","valido","1","","","Francisco","2026-06-26 01:25"
"bp_308","BENCH PRESS","1","bp_308_cam1.mp4","valido","1","","","Francisco","2026-06-26 01:25"
"bp_309","BENCH PRESS","1","bp_309_cam1.mp4","valido","1","","","Francisco","2026-06-26 01:25"
"bp_310","BENCH PRESS","1","bp_310_cam1.mp4","valido","1","","","Francisco","2026-06-26 01:25"
"bp_311","BENCH PRESS","1","bp_311_cam1.mp4","invalido","0","BP-03","Movimiento descendente de la barra durante el press","Francisco","2026-06-26 01:25"
"bp_312","BENCH PRESS","1","bp_312_cam1.mp4","valido","1","","","Francisco","2026-06-26 01:26"
"bp_313","BENCH PRESS","1","bp_313_cam1.mp4","invalido","0","BP-03","Movimiento descendente de la barra durante el press","Francisco","2026-06-26 01:26"
"bp_314","BENCH PRESS","1","bp_314_cam1.mp4","invalido","0","BP-03","Movimiento descendente de la barra durante el press","Francisco","2026-06-26 01:27"
"bp_315","BENCH PRESS","1","bp_315_cam1.mp4","invalido","0","BP-03","Movimiento descendente de la barra durante el press","Francisco","2026-06-26 01:27"
"bp_316","BENCH PRESS","1","bp_316_cam1.mp4","invalido","0","BP-03","Movimiento descendente de la barra durante el press","Francisco","2026-06-26 01:27"
"bp_317","BENCH PRESS","1","bp_317_cam1.mp4","invalido","0","BP-03","Movimiento descendente de la barra durante el press","Francisco","2026-06-26 01:27"
"bp_318","BENCH PRESS","1","bp_318_cam1.mp4","invalido","0","BP-03","Movimiento descendente de la barra durante el press","Francisco","2026-06-26 01:27"
"bp_319","BENCH PRESS","1","bp_319_cam1.mp4","invalido","0","BP-08","Cabeza, hombros o glúteos se levantan del banco","Francisco","2026-06-26 01:27"
"bp_320","BENCH PRESS","1","bp_320_cam1.mp4","invalido","0","BP-01","La barra no desciende al pecho/abdomen o toca el cinturón","Francisco","2026-06-26 01:27"
"bp_321","BENCH PRESS","1","bp_321_cam1.mp4","invalido","0","BP-01","La barra no desciende al pecho/abdomen o toca el cinturón","Francisco","2026-06-26 01:27"
"bp_322","BENCH PRESS","1","bp_322_cam1.mp4","invalido","0","BP-01|BP-03","La barra no desciende al pecho/abdomen o toca el cinturón | Movimiento descendente de la barra durante el press","Francisco","2026-06-26 01:28"
"bp_323","BENCH PRESS","1","bp_323_cam1.mp4","valido","1","","","Francisco","2026-06-26 01:28"
"bp_324","BENCH PRESS","1","bp_324_cam1.mp4","valido","1","","","Francisco","2026-06-26 01:28"
"bp_325","BENCH PRESS","1","bp_325_cam1.mp4","valido","1","","","Francisco","2026-06-26 01:28"
"bp_326","BENCH PRESS","1","bp_326_cam1.mp4","valido","1","","","Francisco","2026-06-26 01:28"
"bp_327","BENCH PRESS","1","bp_327_cam1.mp4","invalido","0","BP-08","Cabeza, hombros o glúteos se levantan del banco","Francisco","2026-06-26 01:28"
"bp_328","BENCH PRESS","1","bp_328_cam1.mp4","invalido","0","BP-08","Cabeza, hombros o glúteos se levantan del banco","Francisco","2026-06-26 01:30"
"bp_329","BENCH PRESS","1","bp_329_cam1.mp4","invalido","0","BP-08","Cabeza, hombros o glúteos se levantan del banco","Francisco","2026-06-26 01:30"
"bp_330","BENCH PRESS","1","bp_330_cam1.mp4","invalido","0","BP-08","Cabeza, hombros o glúteos se levantan del banco","Francisco","2026-06-26 01:30"
"bp_331","BENCH PRESS","1","bp_331_cam1.mp4","invalido","0","BP-08","Cabeza, hombros o glúteos se levantan del banco","Francisco","2026-06-26 01:30"
"bp_332","BENCH PRESS","1","bp_332_cam1.mp4","invalido","0","BP-08","Cabeza, hombros o glúteos se levantan del banco","Francisco","2026-06-26 01:30"
"bp_333","BENCH PRESS","1","bp_333_cam1.mp4","invalido","0","BP-08","Cabeza, hombros o glúteos se levantan del banco","Francisco","2026-06-26 01:30"
"bp_334","BENCH PRESS","1","bp_334_cam1.mp4","invalido","0","BP-08","Cabeza, hombros o glúteos se levantan del banco","Francisco","2026-06-26 01:30"
"bp_335","BENCH PRESS","1","bp_335_cam1.mp4","invalido","0","BP-08","Cabeza, hombros o glúteos se levantan del banco","Francisco","2026-06-26 01:30"
"bp_336","BENCH PRESS","1","bp_336_cam1.mp4","invalido","0","BP-08","Cabeza, hombros o glúteos se levantan del banco","Francisco","2026-06-26 01:30"
"bp_337","BENCH PRESS","1","bp_337_cam1.mp4","invalido","0","BP-08","Cabeza, hombros o glúteos se levantan del banco","Francisco","2026-06-26 01:30"
"bp_338","BENCH PRESS","1","bp_338_cam1.mp4","invalido","0","BP-08","Cabeza, hombros o glúteos se levantan del banco","Francisco","2026-06-26 01:30"
"bp_339","BENCH PRESS","1","bp_339_cam1.mp4","invalido","0","BP-01","La barra no desciende al pecho/abdomen o toca el cinturón","Francisco","2026-06-26 01:30"
"bp_340","BENCH PRESS","1","bp_340_cam1.mp4","invalido","0","BP-01","La barra no desciende al pecho/abdomen o toca el cinturón","Francisco","2026-06-26 01:32"
"bp_341","BENCH PRESS","1","bp_341_cam1.mp4","invalido","0","BP-01","La barra no desciende al pecho/abdomen o toca el cinturón","Francisco","2026-06-26 01:32"
"bp_342","BENCH PRESS","1","bp_342_cam1.mp4","invalido","0","BP-01","La barra no desciende al pecho/abdomen o toca el cinturón","Francisco","2026-06-26 01:32"
"bp_343","BENCH PRESS","1","bp_343_cam1.mp4","invalido","0","BP-01","La barra no desciende al pecho/abdomen o toca el cinturón","Francisco","2026-06-26 01:32"
"bp_344","BENCH PRESS","1","bp_344_cam1.mp4","invalido","0","BP-01","La barra no desciende al pecho/abdomen o toca el cinturón","Francisco","2026-06-26 01:32"
"bp_345","BENCH PRESS","1","bp_345_cam1.mp4","invalido","0","BP-01","La barra no desciende al pecho/abdomen o toca el cinturón","Francisco","2026-06-26 01:32"
"bp_346","BENCH PRESS","1","bp_346_cam1.mp4","invalido","0","BP-01","La barra no desciende al pecho/abdomen o toca el cinturón","Francisco","2026-06-26 01:32"
"bp_347","BENCH PRESS","1","bp_347_cam1.mp4","invalido","0","BP-01","La barra no desciende al pecho/abdomen o toca el cinturón","Francisco","2026-06-26 01:32"
"bp_348","BENCH PRESS","1","bp_348_cam1.mp4","invalido","0","BP-01","La barra no desciende al pecho/abdomen o toca el cinturón","Francisco","2026-06-26 01:32"
"bp_349","BENCH PRESS","1","bp_349_cam1.mp4","invalido","0","BP-01","La barra no desciende al pecho/abdomen o toca el cinturón","Francisco","2026-06-26 01:33"
"bp_350","BENCH PRESS","1","bp_350_cam1.mp4","invalido","0","BP-01","La barra no desciende al pecho/abdomen o toca el cinturón","Francisco","2026-06-26 01:33"
"bp_351","BENCH PRESS","1","bp_351_cam1.mp4","invalido","0","BP-01","La barra no desciende al pecho/abdomen o toca el cinturón","Francisco","2026-06-26 01:33"
"bp_352","BENCH PRESS","1","bp_352_cam1.mp4","invalido","0","BP-01","La barra no desciende al pecho/abdomen o toca el cinturón","Francisco","2026-06-26 01:33"
"bp_353","BENCH PRESS","1","bp_353_cam1.mp4","invalido","0","BP-01","La barra no desciende al pecho/abdomen o toca el cinturón","Francisco","2026-06-26 01:33"
"bp_354","BENCH PRESS","1","bp_354_cam1.mp4","invalido","0","BP-01","La barra no desciende al pecho/abdomen o toca el cinturón","Francisco","2026-06-26 01:33"
"bp_355","BENCH PRESS","1","bp_355_cam1.mp4","invalido","0","BP-03","Movimiento descendente de la barra durante el press","Francisco","2026-06-26 01:34"
"bp_356","BENCH PRESS","1","bp_356_cam1.mp4","invalido","0","BP-03","Movimiento descendente de la barra durante el press","Francisco","2026-06-26 01:34"
"bp_357","BENCH PRESS","1","bp_357_cam1.mp4","invalido","0","BP-03","Movimiento descendente de la barra durante el press","Francisco","2026-06-26 01:34"
"bp_358","BENCH PRESS","1","bp_358_cam1.mp4","invalido","0","BP-03","Movimiento descendente de la barra durante el press","Francisco","2026-06-26 01:34"
"bp_359","BENCH PRESS","1","bp_359_cam1.mp4","invalido","0","BP-03","Movimiento descendente de la barra durante el press","Francisco","2026-06-26 01:34"
"bp_360","BENCH PRESS","1","bp_360_cam1.mp4","invalido","0","BP-03","Movimiento descendente de la barra durante el press","Francisco","2026-06-26 01:34"
"bp_361","BENCH PRESS","1","bp_361_cam1.mp4","invalido","0","BP-03","Movimiento descendente de la barra durante el press","Francisco","2026-06-26 01:34"
"bp_362","BENCH PRESS","1","bp_362_cam1.mp4","invalido","0","BP-03","Movimiento descendente de la barra durante el press","Francisco","2026-06-26 01:35"
"bp_363","BENCH PRESS","1","bp_363_cam1.mp4","invalido","0","","","Francisco","2026-06-26 01:35"
"bp_364","BENCH PRESS","1","bp_364_cam1.mp4","invalido","0","BP-08","Cabeza, hombros o glúteos se levantan del banco","Francisco","2026-06-26 01:35"
"bp_365","BENCH PRESS","1","bp_365_cam1.mp4","invalido","0","BP-08","Cabeza, hombros o glúteos se levantan del banco","Francisco","2026-06-26 01:35"
"bp_366","BENCH PRESS","1","bp_366_cam1.mp4","invalido","0","BP-08|BP-03","Cabeza, hombros o glúteos se levantan del banco | Movimiento descendente de la barra durante el press","Francisco","2026-06-26 01:36"
"bp_367","BENCH PRESS","1","bp_367_cam1.mp4","invalido","0","BP-03","Movimiento descendente de la barra durante el press","Francisco","2026-06-26 01:36"
"bp_368","BENCH PRESS","1","bp_368_cam1.mp4","invalido","0","BP-03","Movimiento descendente de la barra durante el press","Francisco","2026-06-26 01:36"
"bp_369","BENCH PRESS","1","bp_369_cam1.mp4","invalido","0","BP-10","No obedecer señal del árbitro en inicio, durante o finalización","Francisco","2026-06-26 01:36"
"bp_370","BENCH PRESS","1","bp_370_cam1.mp4","invalido","0","BP-03","Movimiento descendente de la barra durante el press","Francisco","2026-06-26 01:37"
"bp_371","BENCH PRESS","1","bp_371_cam1.mp4","invalido","0","BP-10","No obedecer señal del árbitro en inicio, durante o finalización","Francisco","2026-06-26 01:37"
"bp_372","BENCH PRESS","1","bp_372_cam1.mp4","invalido","0","BP-08","Cabeza, hombros o glúteos se levantan del banco","Francisco","2026-06-26 01:38"
"bp_373","BENCH PRESS","1","bp_373_cam1.mp4","invalido","0","BP-08","Cabeza, hombros o glúteos se levantan del banco","Francisco","2026-06-26 01:38"
"bp_374","BENCH PRESS","1","bp_374_cam1.mp4","invalido","0","BP-08","Cabeza, hombros o glúteos se levantan del banco","Francisco","2026-06-26 01:38"
"bp_375","BENCH PRESS","1","bp_375_cam1.mp4","valido","1","","","Francisco","2026-06-26 01:39"
"bp_376","BENCH PRESS","1","bp_376_cam1.mp4","valido","1","","","Francisco","2026-06-26 01:39"
"bp_377","BENCH PRESS","1","bp_377_cam1.mp4","valido","1","","","Francisco","2026-06-26 01:39"
"bp_378","BENCH PRESS","1","bp_378_cam1.mp4","valido","1","","","Francisco","2026-06-26 01:39"
"bp_379","BENCH PRESS","1","bp_379_cam1.mp4","valido","1","","","Francisco","2026-06-26 01:39"
"bp_380","BENCH PRESS","1","bp_380_cam1.mp4","valido","1","","","Francisco","2026-06-26 01:39"
"bp_381","BENCH PRESS","1","bp_381_cam1.mp4","invalido","0","BP-01","La barra no desciende al pecho/abdomen o toca el cinturón","Francisco","2026-06-26 01:39"
"bp_382","BENCH PRESS","1","bp_382_cam1.mp4","valido","1","","","Francisco","2026-06-26 01:39"
"bp_383","BENCH PRESS","1","bp_383_cam1.mp4","invalido","0","BP-02","Los codos no bajan al nivel o por debajo de la superficie superior de los hombros","Francisco","2026-06-26 01:39"
"bp_384","BENCH PRESS","1","bp_384_cam1.mp4","invalido","0","BP-02","Los codos no bajan al nivel o por debajo de la superficie superior de los hombros","Francisco","2026-06-26 01:40"
"bp_385","BENCH PRESS","1","bp_385_cam1.mp4","invalido","0","BP-02","Los codos no bajan al nivel o por debajo de la superficie superior de los hombros","Francisco","2026-06-26 01:40"
"bp_386","BENCH PRESS","1","bp_386_cam1.mp4","invalido","0","BP-02","Los codos no bajan al nivel o por debajo de la superficie superior de los hombros","Francisco","2026-06-26 01:40"
"bp_387","BENCH PRESS","1","bp_387_cam1.mp4","invalido","0","BP-10|BP-03","No obedecer señal del árbitro en inicio, durante o finalización | Movimiento descendente de la barra durante el press","Francisco","2026-06-26 01:40"
"bp_388","BENCH PRESS","1","bp_388_cam1.mp4","invalido","0","BP-11","Pies del atleta contactan el banco o sus soportes / levantar los pies","Francisco","2026-06-26 01:41"
"bp_389","BENCH PRESS","1","bp_389_cam1.mp4","valido","1","","","Francisco","2026-06-26 01:41"
"bp_390","BENCH PRESS","1","bp_390_cam1.mp4","invalido","0","BP-03","Movimiento descendente de la barra durante el press","Francisco","2026-06-26 01:41"
"bp_391","BENCH PRESS","1","bp_391_cam1.mp4","invalido","0","BP-08","Cabeza, hombros o glúteos se levantan del banco","Francisco","2026-06-26 01:41"
"bp_392","BENCH PRESS","1","bp_392_cam1.mp4","valido","1","","","Francisco","2026-06-26 01:41"
"bp_393","BENCH PRESS","1","bp_393_cam1.mp4","invalido","0","BP-03","Movimiento descendente de la barra durante el press","Francisco","2026-06-26 01:42"
"bp_394","BENCH PRESS","1","bp_394_cam1.mp4","invalido","0","BP-07","Empuje del torso para iniciar el movimiento ascendente desde el pecho","Francisco","2026-06-26 01:42"
"bp_395","BENCH PRESS","1","bp_395_cam1.mp4","invalido","0","BP-11","Pies del atleta contactan el banco o sus soportes / levantar los pies","Francisco","2026-06-26 01:43"
"bp_396","BENCH PRESS","1","bp_396_cam1.mp4","invalido","0","BP-11","Pies del atleta contactan el banco o sus soportes / levantar los pies","Francisco","2026-06-26 01:43"
"bp_397","BENCH PRESS","1","bp_397_cam1.mp4","valido","1","","","Francisco","2026-06-26 01:43"
"bp_398","BENCH PRESS","1","bp_398_cam1.mp4","valido","1","","","Francisco","2026-06-26 01:44"
"bp_399","BENCH PRESS","1","bp_399_cam1.mp4","valido","1","","","Francisco","2026-06-26 01:44"
"bp_400","BENCH PRESS","1","bp_400_cam1.mp4","valido","1","","","Francisco","2026-06-26 01:44"
"bp_401","BENCH PRESS","1","bp_401_cam1.mp4","valido","1","","","Francisco","2026-06-26 01:44"
"bp_402","BENCH PRESS","1","bp_402_cam1.mp4","valido","1","","","Francisco","2026-06-26 01:44"
"bp_403","BENCH PRESS","1","bp_403_cam1.mp4","invalido","0","BP-10","No obedecer señal del árbitro en inicio, durante o finalización","Francisco","2026-06-26 01:44"
"bp_404","BENCH PRESS","1","bp_404_cam1.mp4","invalido","0","BP-10","No obedecer señal del árbitro en inicio, durante o finalización","Francisco","2026-06-26 01:45"
"bp_405","BENCH PRESS","1","bp_405_cam1.mp4","invalido","0","BP-10","No obedecer señal del árbitro en inicio, durante o finalización","Francisco","2026-06-26 01:45"
"bp_406","BENCH PRESS","1","bp_406_cam1.mp4","invalido","0","BP-10","No obedecer señal del árbitro en inicio, durante o finalización","Francisco","2026-06-26 01:45"
"bp_407","BENCH PRESS","1","bp_407_cam1.mp4","invalido","0","BP-10","No obedecer señal del árbitro en inicio, durante o finalización","Francisco","2026-06-26 01:45"
"bp_408","BENCH PRESS","1","bp_408_cam1.mp4","invalido","0","BP-10","No obedecer señal del árbitro en inicio, durante o finalización","Francisco","2026-06-26 01:45"
"bp_409","BENCH PRESS","1","bp_409_cam1.mp4","valido","1","","","Francisco","2026-06-26 01:45"
"bp_410","BENCH PRESS","1","bp_410_cam1.mp4","invalido","0","BP-10","No obedecer señal del árbitro en inicio, durante o finalización","Francisco","2026-06-26 01:45"
"bp_411","BENCH PRESS","1","bp_411_cam1.mp4","invalido","0","BP-03","Movimiento descendente de la barra durante el press","Francisco","2026-06-26 01:46"
"bp_412","BENCH PRESS","1","bp_412_cam1.mp4","invalido","0","BP-10","No obedecer señal del árbitro en inicio, durante o finalización","Francisco","2026-06-26 01:46"
"bp_413","BENCH PRESS","1","bp_413_cam1.mp4","valido","1","","","Francisco","2026-06-26 01:46"
"bp_414","BENCH PRESS","1","bp_414_cam1.mp4","invalido","0","BP-10","No obedecer señal del árbitro en inicio, durante o finalización","Francisco","2026-06-26 01:47"
"bp_415","BENCH PRESS","1","bp_415_cam1.mp4","invalido","0","BP-10","No obedecer señal del árbitro en inicio, durante o finalización","Francisco","2026-06-26 01:47"
"bp_416","BENCH PRESS","1","bp_416_cam1.mp4","invalido","0","BP-10","No obedecer señal del árbitro en inicio, durante o finalización","Francisco","2026-06-26 01:47"
"bp_417","BENCH PRESS","1","bp_417_cam1.mp4","invalido","0","BP-10","No obedecer señal del árbitro en inicio, durante o finalización","Francisco","2026-06-26 01:47"
"bp_418","BENCH PRESS","1","bp_418_cam1.mp4","invalido","0","BP-10","No obedecer señal del árbitro en inicio, durante o finalización","Francisco","2026-06-26 01:47"
"bp_419","BENCH PRESS","1","bp_419_cam1.mp4","invalido","0","","","Francisco","2026-06-26 01:48"
"bp_420","BENCH PRESS","1","bp_420_cam1.mp4","invalido","0","BP-10","No obedecer señal del árbitro en inicio, durante o finalización","Francisco","2026-06-26 01:48"
"bp_421","BENCH PRESS","1","bp_421_cam1.mp4","invalido","0","BP-10","No obedecer señal del árbitro en inicio, durante o finalización","Francisco","2026-06-26 01:48"
"bp_422","BENCH PRESS","1","bp_422_cam1.mp4","valido","1","","","Francisco","2026-06-26 01:48"
"bp_423","BENCH PRESS","1","bp_423_cam1.mp4","valido","1","","","Francisco","2026-06-26 01:48"
"bp_424","BENCH PRESS","1","bp_424_cam1.mp4","invalido","0","BP-08","Cabeza, hombros o glúteos se levantan del banco","Francisco","2026-06-26 01:48"
"bp_425","BENCH PRESS","1","bp_425_cam1.mp4","invalido","0","BP-08","Cabeza, hombros o glúteos se levantan del banco","Francisco","2026-06-26 01:49"
"bp_426","BENCH PRESS","1","bp_426_cam1.mp4","invalido","0","BP-01","La barra no desciende al pecho/abdomen o toca el cinturón","Francisco","2026-06-26 01:49"
"bp_427","BENCH PRESS","1","bp_427_cam1.mp4","invalido","0","BP-01","La barra no desciende al pecho/abdomen o toca el cinturón","Francisco","2026-06-26 01:50"
"bp_428","BENCH PRESS","1","bp_428_cam1.mp4","invalido","0","BP-01","La barra no desciende al pecho/abdomen o toca el cinturón","Francisco","2026-06-26 01:50"
"bp_429","BENCH PRESS","1","bp_429_cam1.mp4","invalido","0","BP-01","La barra no desciende al pecho/abdomen o toca el cinturón","Francisco","2026-06-26 01:50"
"bp_430","BENCH PRESS","1","bp_430_cam1.mp4","invalido","0","BP-01","La barra no desciende al pecho/abdomen o toca el cinturón","Francisco","2026-06-26 01:50"
"bp_431","BENCH PRESS","1","bp_431_cam1.mp4","valido","1","","","Francisco","2026-06-26 01:50"
"bp_432","BENCH PRESS","1","bp_432_cam1.mp4","valido","1","","","Francisco","2026-06-26 01:51"
"bp_433","BENCH PRESS","1","bp_433_cam1.mp4","valido","1","","","Francisco","2026-06-26 01:51"
"bp_434","BENCH PRESS","1","bp_434_cam1.mp4","invalido","0","BP-10","No obedecer señal del árbitro en inicio, durante o finalización","Francisco","2026-06-26 01:51"
"bp_435","BENCH PRESS","1","bp_435_cam1.mp4","invalido","0","BP-10","No obedecer señal del árbitro en inicio, durante o finalización","Francisco","2026-06-26 01:52"
"bp_436","BENCH PRESS","1","bp_436_cam1.mp4","invalido","0","BP-10","No obedecer señal del árbitro en inicio, durante o finalización","Francisco","2026-06-26 01:53"
"bp_437","BENCH PRESS","1","bp_437_cam1.mp4","invalido","0","BP-10","No obedecer señal del árbitro en inicio, durante o finalización","Francisco","2026-06-26 01:53"
"bp_438","BENCH PRESS","1","bp_438_cam1.mp4","invalido","0","BP-10","No obedecer señal del árbitro en inicio, durante o finalización","Francisco","2026-06-26 01:53"
"bp_439","BENCH PRESS","1","bp_439_cam1.mp4","invalido","0","BP-10","No obedecer señal del árbitro en inicio, durante o finalización","Francisco","2026-06-26 01:53"
"bp_440","BENCH PRESS","1","bp_440_cam1.mp4","invalido","0","BP-10","No obedecer señal del árbitro en inicio, durante o finalización","Francisco","2026-06-26 01:53"
"bp_441","BENCH PRESS","1","bp_441_cam1.mp4","invalido","0","BP-08","Cabeza, hombros o glúteos se levantan del banco","Francisco","2026-06-26 01:53"
"bp_442","BENCH PRESS","1","bp_442_cam1.mp4","invalido","0","BP-08","Cabeza, hombros o glúteos se levantan del banco","Francisco","2026-06-26 01:54"
"bp_443","BENCH PRESS","1","bp_443_cam1.mp4","invalido","0","BP-03","Movimiento descendente de la barra durante el press","Francisco","2026-06-26 01:54"
"bp_444","BENCH PRESS","1","bp_444_cam1.mp4","invalido","0","BP-03","Movimiento descendente de la barra durante el press","Francisco","2026-06-26 01:54"
"bp_445","BENCH PRESS","1","bp_445_cam1.mp4","invalido","0","BP-08","Cabeza, hombros o glúteos se levantan del banco","Francisco","2026-06-26 01:54"
"bp_446","BENCH PRESS","1","bp_446_cam1.mp4","invalido","0","BP-01","La barra no desciende al pecho/abdomen o toca el cinturón","Francisco","2026-06-26 01:55"
"bp_447","BENCH PRESS","1","bp_447_cam1.mp4","invalido","0","BP-01","La barra no desciende al pecho/abdomen o toca el cinturón","Francisco","2026-06-26 01:55"
"bp_448","BENCH PRESS","1","bp_448_cam1.mp4","invalido","0","BP-01","La barra no desciende al pecho/abdomen o toca el cinturón","Francisco","2026-06-26 01:55"
"bp_449","BENCH PRESS","1","bp_449_cam1.mp4","invalido","0","BP-01","La barra no desciende al pecho/abdomen o toca el cinturón","Francisco","2026-06-26 01:55"
"bp_450","BENCH PRESS","1","bp_450_cam1.mp4","invalido","0","BP-01","La barra no desciende al pecho/abdomen o toca el cinturón","Francisco","2026-06-26 01:55"
"bp_451","BENCH PRESS","1","bp_451_cam1.mp4","invalido","0","BP-03","Movimiento descendente de la barra durante el press","Francisco","2026-06-26 01:55"
"bp_452","BENCH PRESS","1","bp_452_cam1.mp4","invalido","0","","","Francisco","2026-06-26 01:55"
"bp_453","BENCH PRESS","1","bp_453_cam1.mp4","invalido","0","BP-10","No obedecer señal del árbitro en inicio, durante o finalización","Francisco","2026-06-26 01:57"
"bp_454","BENCH PRESS","1","bp_454_cam1.mp4","invalido","0","BP-10","No obedecer señal del árbitro en inicio, durante o finalización","Francisco","2026-06-26 01:57"
"bp_455","BENCH PRESS","1","bp_455_cam1.mp4","invalido","0","BP-10","No obedecer señal del árbitro en inicio, durante o finalización","Francisco","2026-06-26 01:57"
"bp_456","BENCH PRESS","1","bp_456_cam1.mp4","invalido","0","BP-10","No obedecer señal del árbitro en inicio, durante o finalización","Francisco","2026-06-26 01:57"
"bp_457","BENCH PRESS","1","bp_457_cam1.mp4","invalido","0","BP-10","No obedecer señal del árbitro en inicio, durante o finalización","Francisco","2026-06-26 01:57"
"bp_458","BENCH PRESS","1","bp_458_cam1.mp4","invalido","0","BP-01","La barra no desciende al pecho/abdomen o toca el cinturón","Francisco","2026-06-26 01:57"
"bp_459","BENCH PRESS","1","bp_459_cam1.mp4","invalido","0","BP-01","La barra no desciende al pecho/abdomen o toca el cinturón","Francisco","2026-06-26 01:57"
"bp_460","BENCH PRESS","1","bp_460_cam1.mp4","invalido","0","BP-01","La barra no desciende al pecho/abdomen o toca el cinturón","Francisco","2026-06-26 01:58"
"bp_461","BENCH PRESS","1","bp_461_cam1.mp4","invalido","0","BP-01","La barra no desciende al pecho/abdomen o toca el cinturón","Francisco","2026-06-26 01:58"
"bp_462","BENCH PRESS","1","bp_462_cam1.mp4","valido","1","","","Francisco","2026-06-26 01:58"
"bp_463","BENCH PRESS","1","bp_463_cam1.mp4","valido","1","","","Francisco","2026-06-26 01:58"
"bp_464","BENCH PRESS","1","bp_464_cam1.mp4","invalido","0","BP-01","La barra no desciende al pecho/abdomen o toca el cinturón","Francisco","2026-06-26 01:58"
"bp_465","BENCH PRESS","1","bp_465_cam1.mp4","invalido","0","BP-01","La barra no desciende al pecho/abdomen o toca el cinturón","Francisco","2026-06-26 01:59"
"bp_466","BENCH PRESS","1","bp_466_cam1.mp4","invalido","0","BP-01","La barra no desciende al pecho/abdomen o toca el cinturón","Francisco","2026-06-26 01:59"
"bp_467","BENCH PRESS","1","bp_467_cam1.mp4","invalido","0","BP-01","La barra no desciende al pecho/abdomen o toca el cinturón","Francisco","2026-06-26 01:59"
"bp_468","BENCH PRESS","1","bp_468_cam1.mp4","invalido","0","BP-08","Cabeza, hombros o glúteos se levantan del banco","Francisco","2026-06-26 01:59"
"bp_469","BENCH PRESS","1","bp_469_cam1.mp4","invalido","0","BP-08","Cabeza, hombros o glúteos se levantan del banco","Francisco","2026-06-26 02:00"
"bp_470","BENCH PRESS","1","bp_470_cam1.mp4","invalido","0","BP-08","Cabeza, hombros o glúteos se levantan del banco","Francisco","2026-06-26 02:00"
"bp_471","BENCH PRESS","1","bp_471_cam1.mp4","invalido","0","BP-08","Cabeza, hombros o glúteos se levantan del banco","Francisco","2026-06-26 02:00"
"bp_472","BENCH PRESS","1","bp_472_cam1.mp4","invalido","0","","","Francisco","2026-06-26 02:00"
"bp_473","BENCH PRESS","1","bp_473_cam1.mp4","invalido","0","","","Francisco","2026-06-26 02:00"
"bp_474","BENCH PRESS","1","bp_474_cam1.mp4","invalido","0","BP-01","La barra no desciende al pecho/abdomen o toca el cinturón","Francisco","2026-06-26 02:01"
"bp_475","BENCH PRESS","1","bp_475_cam1.mp4","invalido","0","BP-03","Movimiento descendente de la barra durante el press","Francisco","2026-06-26 02:01"
"bp_476","BENCH PRESS","1","bp_476_cam1.mp4","invalido","0","BP-03","Movimiento descendente de la barra durante el press","Francisco","2026-06-26 02:01"
"bp_477","BENCH PRESS","1","bp_477_cam1.mp4","invalido","0","BP-03","Movimiento descendente de la barra durante el press","Francisco","2026-06-26 02:01"
"bp_478","BENCH PRESS","1","bp_478_cam1.mp4","invalido","0","BP-01","La barra no desciende al pecho/abdomen o toca el cinturón","Francisco","2026-06-26 02:01"
"bp_479","BENCH PRESS","1","bp_479_cam1.mp4","invalido","0","BP-03","Movimiento descendente de la barra durante el press","Francisco","2026-06-26 02:02"
"bp_480","BENCH PRESS","1","bp_480_cam1.mp4","invalido","0","BP-03","Movimiento descendente de la barra durante el press","Francisco","2026-06-26 02:02"
"bp_481","BENCH PRESS","1","bp_481_cam1.mp4","valido","1","","","Francisco","2026-06-26 02:02"
"bp_482","BENCH PRESS","1","bp_482_cam1.mp4","invalido","0","BP-10","No obedecer señal del árbitro en inicio, durante o finalización","Francisco","2026-06-26 02:02"
"bp_483","BENCH PRESS","1","bp_483_cam1.mp4","valido","1","","","Francisco","2026-06-26 02:03"
"bp_484","BENCH PRESS","1","bp_484_cam1.mp4","invalido","0","BP-10","No obedecer señal del árbitro en inicio, durante o finalización","Francisco","2026-06-26 02:03"
"bp_485","BENCH PRESS","1","bp_485_cam1.mp4","invalido","0","BP-10","No obedecer señal del árbitro en inicio, durante o finalización","Francisco","2026-06-26 02:03"
"bp_486","BENCH PRESS","1","bp_486_cam1.mp4","valido","1","","","Francisco","2026-06-26 02:03"
"bp_487","BENCH PRESS","1","bp_487_cam1.mp4","valido","1","","","Francisco","2026-06-26 02:04"
"bp_488","BENCH PRESS","1","bp_488_cam1.mp4","invalido","0","BP-10","No obedecer señal del árbitro en inicio, durante o finalización","Francisco","2026-06-26 02:04"
"bp_489","BENCH PRESS","1","bp_489_cam1.mp4","invalido","0","BP-01","La barra no desciende al pecho/abdomen o toca el cinturón","Francisco","2026-06-26 02:05"
"bp_490","BENCH PRESS","1","bp_490_cam1.mp4","invalido","0","BP-01","La barra no desciende al pecho/abdomen o toca el cinturón","Francisco","2026-06-26 02:05"
"bp_491","BENCH PRESS","1","bp_491_cam1.mp4","invalido","0","BP-01","La barra no desciende al pecho/abdomen o toca el cinturón","Francisco","2026-06-26 02:05"
"bp_492","BENCH PRESS","1","bp_492_cam1.mp4","invalido","0","BP-01","La barra no desciende al pecho/abdomen o toca el cinturón","Francisco","2026-06-26 02:05"
"bp_493","BENCH PRESS","1","bp_493_cam1.mp4","valido","1","","","Francisco","2026-06-26 02:05"
"bp_494","BENCH PRESS","1","bp_494_cam1.mp4","invalido","0","BP-10","No obedecer señal del árbitro en inicio, durante o finalización","Francisco","2026-06-26 02:05"
"bp_001","BENCH PRESS","3","bp_001_cam3.mp4","invalido","0","BP-11","Pies del atleta contactan el banco o sus soportes / levantar los pies","Francisco","2026-06-26 03:03"
"bp_002","BENCH PRESS","3","bp_002_cam3.mp4","valido","1","","","Francisco","2026-06-26 03:03"
"bp_003","BENCH PRESS","3","bp_003_cam3.mp4","valido","1","","","Francisco","2026-06-26 03:05"
"bp_004","BENCH PRESS","3","bp_004_cam3.mp4","valido","1","","","Francisco","2026-06-26 03:05"
"bp_005","BENCH PRESS","3","bp_005_cam3.mp4","valido","1","","","Francisco","2026-06-26 03:05"
"bp_006","BENCH PRESS","3","bp_006_cam3.mp4","valido","1","","","Francisco","2026-06-26 03:05"
"bp_007","BENCH PRESS","3","bp_007_cam3.mp4","valido","1","","","Francisco","2026-06-26 03:05"
"bp_008","BENCH PRESS","3","bp_008_cam3.mp4","valido","1","","","Francisco","2026-06-26 03:05"
"bp_009","BENCH PRESS","3","bp_009_cam3.mp4","valido","1","","","Francisco","2026-06-26 03:05"
"bp_010","BENCH PRESS","3","bp_010_cam3.mp4","valido","1","","","Francisco","2026-06-26 03:05"
"bp_011","BENCH PRESS","3","bp_011_cam3.mp4","valido","1","","","Francisco","2026-06-26 03:05"
"bp_012","BENCH PRESS","3","bp_012_cam3.mp4","valido","1","","","Francisco","2026-06-26 03:09"
"bp_013","BENCH PRESS","3","bp_013_cam3.mp4","valido","1","","","Francisco","2026-06-26 03:09"
"bp_014","BENCH PRESS","3","bp_014_cam3.mp4","valido","1","","","Francisco","2026-06-26 03:09"
"bp_015","BENCH PRESS","3","bp_015_cam3.mp4","valido","1","","","Francisco","2026-06-26 03:09"
"bp_016","BENCH PRESS","3","bp_016_cam3.mp4","valido","1","","","Francisco","2026-06-26 03:09"
"bp_017","BENCH PRESS","3","bp_017_cam3.mp4","valido","1","","","Francisco","2026-06-26 03:09"
"bp_018","BENCH PRESS","3","bp_018_cam3.mp4","valido","1","","","Francisco","2026-06-26 03:09"
"bp_019","BENCH PRESS","3","bp_019_cam3.mp4","valido","1","","","Francisco","2026-06-26 03:09"
"bp_020","BENCH PRESS","3","bp_020_cam3.mp4","valido","1","","","Francisco","2026-06-26 03:09"
"bp_021","BENCH PRESS","3","bp_021_cam3.mp4","valido","1","","","Francisco","2026-06-26 03:09"
"bp_022","BENCH PRESS","3","bp_022_cam3.mp4","valido","1","","","Francisco","2026-06-26 03:10"
"bp_023","BENCH PRESS","3","bp_023_cam3.mp4","valido","1","","","Francisco","2026-06-26 03:10"
"bp_024","BENCH PRESS","3","bp_024_cam3.mp4","valido","1","","","Francisco","2026-06-26 03:10"
"bp_025","BENCH PRESS","3","bp_025_cam3.mp4","valido","1","","","Francisco","2026-06-26 03:10"
"bp_026","BENCH PRESS","3","bp_026_cam3.mp4","valido","1","","","Francisco","2026-06-26 03:10"
"bp_027","BENCH PRESS","3","bp_027_cam3.mp4","valido","1","","","Francisco","2026-06-26 03:10"
"bp_028","BENCH PRESS","3","bp_028_cam3.mp4","valido","1","","","Francisco","2026-06-26 03:10"
"bp_029","BENCH PRESS","3","bp_029_cam3.mp4","valido","1","","","Francisco","2026-06-26 03:10"
"bp_030","BENCH PRESS","3","bp_030_cam3.mp4","valido","1","","","Francisco","2026-06-26 03:10"
"bp_031","BENCH PRESS","3","bp_031_cam3.mp4","valido","1","","","Francisco","2026-06-26 03:10"
"bp_032","BENCH PRESS","3","bp_032_cam3.mp4","valido","1","","","Francisco","2026-06-26 03:10"
"bp_033","BENCH PRESS","3","bp_033_cam3.mp4","valido","1","","","Francisco","2026-06-26 03:10"
"bp_034","BENCH PRESS","3","bp_034_cam3.mp4","valido","1","","","Francisco","2026-06-26 03:10"
"bp_035","BENCH PRESS","3","bp_035_cam3.mp4","valido","1","","","Francisco","2026-06-26 03:10"
"bp_036","BENCH PRESS","3","bp_036_cam3.mp4","valido","1","","","Francisco","2026-06-26 03:10"
"bp_037","BENCH PRESS","3","bp_037_cam3.mp4","valido","1","","","Francisco","2026-06-26 03:10"
"bp_038","BENCH PRESS","3","bp_038_cam3.mp4","valido","1","","","Francisco","2026-06-26 03:10"
"bp_039","BENCH PRESS","3","bp_039_cam3.mp4","valido","1","","","Francisco","2026-06-26 03:10"
"bp_040","BENCH PRESS","3","bp_040_cam3.mp4","valido","1","","","Francisco","2026-06-26 03:10"
"bp_041","BENCH PRESS","3","bp_041_cam3.mp4","valido","1","","","Francisco","2026-06-26 03:10"
"bp_042","BENCH PRESS","3","bp_042_cam3.mp4","valido","1","","","Francisco","2026-06-26 03:10"
"bp_043","BENCH PRESS","3","bp_043_cam3.mp4","valido","1","","","Francisco","2026-06-26 03:10"
"bp_044","BENCH PRESS","3","bp_044_cam3.mp4","valido","1","","","Francisco","2026-06-26 03:10"
"bp_045","BENCH PRESS","3","bp_045_cam3.mp4","valido","1","","","Francisco","2026-06-26 03:10"
"bp_046","BENCH PRESS","3","bp_046_cam3.mp4","valido","1","","","Francisco","2026-06-26 03:10"
"bp_047","BENCH PRESS","3","bp_047_cam3.mp4","valido","1","","","Francisco","2026-06-26 03:10"
"bp_048","BENCH PRESS","3","bp_048_cam3.mp4","valido","1","","","Francisco","2026-06-26 03:10"
"bp_049","BENCH PRESS","3","bp_049_cam3.mp4","valido","1","","","Francisco","2026-06-26 03:10"
"bp_050","BENCH PRESS","3","bp_050_cam3.mp4","invalido","0","BP-08","Cabeza, hombros o glúteos se levantan del banco","Francisco","2026-06-26 03:12"
"bp_051","BENCH PRESS","3","bp_051_cam3.mp4","invalido","0","BP-03","Movimiento descendente de la barra durante el press","Francisco","2026-06-26 03:13"
"bp_052","BENCH PRESS","3","bp_052_cam3.mp4","invalido","0","BP-08","Cabeza, hombros o glúteos se levantan del banco","Francisco","2026-06-26 03:13"
"bp_053","BENCH PRESS","3","bp_053_cam3.mp4","invalido","0","BP-03","Movimiento descendente de la barra durante el press","Francisco","2026-06-26 03:13"
"bp_054","BENCH PRESS","3","bp_054_cam3.mp4","valido","1","","","Francisco","2026-06-26 03:13"
"bp_055","BENCH PRESS","3","bp_055_cam3.mp4","invalido","0","BP-11","Pies del atleta contactan el banco o sus soportes / levantar los pies","Francisco","2026-06-26 03:14"
"bp_056","BENCH PRESS","3","bp_056_cam3.mp4","invalido","0","BP-11","Pies del atleta contactan el banco o sus soportes / levantar los pies","Francisco","2026-06-26 03:14"
"bp_057","BENCH PRESS","3","bp_057_cam3.mp4","invalido","0","BP-11","Pies del atleta contactan el banco o sus soportes / levantar los pies","Francisco","2026-06-26 03:14"
"bp_058","BENCH PRESS","3","bp_058_cam3.mp4","invalido","0","BP-11","Pies del atleta contactan el banco o sus soportes / levantar los pies","Francisco","2026-06-26 03:15"
"bp_059","BENCH PRESS","3","bp_059_cam3.mp4","valido","1","","","Francisco","2026-06-26 03:15"
"bp_060","BENCH PRESS","3","bp_060_cam3.mp4","valido","1","","","Francisco","2026-06-26 03:15"
"bp_061","BENCH PRESS","3","bp_061_cam3.mp4","valido","1","","","Francisco","2026-06-26 03:15"
"bp_062","BENCH PRESS","3","bp_062_cam3.mp4","valido","1","","","Francisco","2026-06-26 03:15"
"bp_063","BENCH PRESS","3","bp_063_cam3.mp4","valido","1","","","Francisco","2026-06-26 03:16"
"bp_064","BENCH PRESS","3","bp_064_cam3.mp4","valido","1","","","Francisco","2026-06-26 03:16"
"bp_065","BENCH PRESS","3","bp_065_cam3.mp4","valido","1","","","Francisco","2026-06-26 03:16"
"bp_066","BENCH PRESS","3","bp_066_cam3.mp4","valido","1","","","Francisco","2026-06-26 03:16"
"bp_067","BENCH PRESS","3","bp_067_cam3.mp4","valido","1","","","Francisco","2026-06-26 03:16"
"bp_068","BENCH PRESS","3","bp_068_cam3.mp4","invalido","0","BP-10","No obedecer señal del árbitro en inicio, durante o finalización","Francisco","2026-06-26 03:17"
"bp_069","BENCH PRESS","3","bp_069_cam3.mp4","valido","1","","","Francisco","2026-06-26 03:18"
"bp_070","BENCH PRESS","3","bp_070_cam3.mp4","valido","1","","","Francisco","2026-06-26 03:18"
"bp_071","BENCH PRESS","3","bp_071_cam3.mp4","valido","1","","","Francisco","2026-06-26 03:18"
"bp_072","BENCH PRESS","3","bp_072_cam3.mp4","valido","1","","","Francisco","2026-06-26 03:18"
"bp_073","BENCH PRESS","3","bp_073_cam3.mp4","valido","1","","","Francisco","2026-06-26 03:18"
"bp_074","BENCH PRESS","3","bp_074_cam3.mp4","valido","1","","","Francisco","2026-06-26 03:18"
"bp_075","BENCH PRESS","3","bp_075_cam3.mp4","valido","1","","","Francisco","2026-06-26 03:18"
"bp_076","BENCH PRESS","3","bp_076_cam3.mp4","valido","1","","","Francisco","2026-06-26 03:18"
"bp_077","BENCH PRESS","3","bp_077_cam3.mp4","valido","1","","","Francisco","2026-06-26 03:19"
"bp_078","BENCH PRESS","3","bp_078_cam3.mp4","valido","1","","","Francisco","2026-06-26 03:19"
"bp_079","BENCH PRESS","3","bp_079_cam3.mp4","valido","1","","","Francisco","2026-06-26 03:19"
"bp_080","BENCH PRESS","3","bp_080_cam3.mp4","invalido","0","BP-10","No obedecer señal del árbitro en inicio, durante o finalización","Francisco","2026-06-26 03:19"
"bp_081","BENCH PRESS","3","bp_081_cam3.mp4","valido","1","","","Francisco","2026-06-26 03:20"
"bp_082","BENCH PRESS","3","bp_082_cam3.mp4","invalido","0","BP-10","No obedecer señal del árbitro en inicio, durante o finalización","Francisco","2026-06-26 03:20"
"bp_083","BENCH PRESS","3","bp_083_cam3.mp4","valido","1","","","Francisco","2026-06-26 03:20"
"bp_084","BENCH PRESS","3","bp_084_cam3.mp4","valido","1","","","Francisco","2026-06-26 03:20"
"bp_085","BENCH PRESS","3","bp_085_cam3.mp4","valido","1","","","Francisco","2026-06-26 03:21"
"bp_086","BENCH PRESS","3","bp_086_cam3.mp4","valido","1","","","Francisco","2026-06-26 03:21"
"bp_087","BENCH PRESS","3","bp_087_cam3.mp4","valido","1","","","Francisco","2026-06-26 03:21"
"bp_088","BENCH PRESS","3","bp_088_cam3.mp4","invalido","0","BP-10","No obedecer señal del árbitro en inicio, durante o finalización","Francisco","2026-06-26 03:21"
"bp_089","BENCH PRESS","3","bp_089_cam3.mp4","valido","1","","","Francisco","2026-06-26 03:22"
"bp_090","BENCH PRESS","3","bp_090_cam3.mp4","valido","1","","","Francisco","2026-06-26 03:22"
"bp_091","BENCH PRESS","3","bp_091_cam3.mp4","valido","1","","","Francisco","2026-06-26 03:23"
"bp_092","BENCH PRESS","3","bp_092_cam3.mp4","invalido","0","","","Francisco","2026-06-26 03:23"
"bp_093","BENCH PRESS","3","bp_093_cam3.mp4","valido","1","","","Francisco","2026-06-26 03:24"
"bp_094","BENCH PRESS","3","bp_094_cam3.mp4","valido","1","","","Francisco","2026-06-26 03:24"
"bp_095","BENCH PRESS","3","bp_095_cam3.mp4","valido","1","","","Francisco","2026-06-26 03:24"
"bp_096","BENCH PRESS","3","bp_096_cam3.mp4","valido","1","","","Francisco","2026-06-26 03:24"
"bp_097","BENCH PRESS","3","bp_097_cam3.mp4","valido","1","","","Francisco","2026-06-26 03:24"
"bp_098","BENCH PRESS","3","bp_098_cam3.mp4","valido","1","","","Francisco","2026-06-26 03:24"
"bp_099","BENCH PRESS","3","bp_099_cam3.mp4","invalido","0","BP-10","No obedecer señal del árbitro en inicio, durante o finalización","Francisco","2026-06-26 03:24"
"bp_100","BENCH PRESS","3","bp_100_cam3.mp4","invalido","0","BP-10","No obedecer señal del árbitro en inicio, durante o finalización","Francisco","2026-06-26 03:25"
"bp_101","BENCH PRESS","3","bp_101_cam3.mp4","valido","1","","","Francisco","2026-06-26 03:25"
"bp_102","BENCH PRESS","3","bp_102_cam3.mp4","invalido","0","BP-10","No obedecer señal del árbitro en inicio, durante o finalización","Francisco","2026-06-26 03:25"
"bp_103","BENCH PRESS","3","bp_103_cam3.mp4","invalido","0","BP-10","No obedecer señal del árbitro en inicio, durante o finalización","Francisco","2026-06-26 03:26"
"bp_104","BENCH PRESS","3","bp_104_cam3.mp4","invalido","0","BP-10","No obedecer señal del árbitro en inicio, durante o finalización","Francisco","2026-06-26 03:26"
"bp_105","BENCH PRESS","3","bp_105_cam3.mp4","valido","1","","","Francisco","2026-06-26 03:38"
"bp_106","BENCH PRESS","3","bp_106_cam3.mp4","valido","1","","","Francisco","2026-06-26 03:38"
"bp_107","BENCH PRESS","3","bp_107_cam3.mp4","valido","1","","","Francisco","2026-06-26 03:38"
"bp_108","BENCH PRESS","3","bp_108_cam3.mp4","valido","1","","","Francisco","2026-06-26 03:38"
"bp_109","BENCH PRESS","3","bp_109_cam3.mp4","valido","1","","","Francisco","2026-06-26 03:38"
"bp_110","BENCH PRESS","3","bp_110_cam3.mp4","valido","1","","","Francisco","2026-06-26 03:38"
"bp_111","BENCH PRESS","3","bp_111_cam3.mp4","valido","1","","","Francisco","2026-06-26 03:38"
"bp_112","BENCH PRESS","3","bp_112_cam3.mp4","valido","1","","","Francisco","2026-06-26 03:38"
"bp_113","BENCH PRESS","3","bp_113_cam3.mp4","valido","1","","","Francisco","2026-06-26 03:38"
"bp_114","BENCH PRESS","3","bp_114_cam3.mp4","valido","1","","","Francisco","2026-06-26 03:38"
"bp_115","BENCH PRESS","3","bp_115_cam3.mp4","valido","1","","","Francisco","2026-06-26 03:38"
"bp_116","BENCH PRESS","3","bp_116_cam3.mp4","valido","1","","","Francisco","2026-06-26 03:38"
"bp_117","BENCH PRESS","3","bp_117_cam3.mp4","valido","1","","","Francisco","2026-06-26 03:38"
"bp_118","BENCH PRESS","3","bp_118_cam3.mp4","valido","1","","","Francisco","2026-06-26 03:38"
"bp_119","BENCH PRESS","3","bp_119_cam3.mp4","valido","1","","","Francisco","2026-06-26 03:38"
"bp_120","BENCH PRESS","3","bp_120_cam3.mp4","valido","1","","","Francisco","2026-06-26 03:38"
"bp_121","BENCH PRESS","3","bp_121_cam3.mp4","valido","1","","","Francisco","2026-06-26 03:38"
"bp_122","BENCH PRESS","3","bp_122_cam3.mp4","valido","1","","","Francisco","2026-06-26 03:43"
"bp_123","BENCH PRESS","3","bp_123_cam3.mp4","valido","1","","","Francisco","2026-06-26 03:43"
"bp_124","BENCH PRESS","3","bp_124_cam3.mp4","valido","1","","","Francisco","2026-06-26 03:43"
"bp_125","BENCH PRESS","3","bp_125_cam3.mp4","valido","1","","","Francisco","2026-06-26 03:43"
"bp_126","BENCH PRESS","3","bp_126_cam3.mp4","valido","1","","","Francisco","2026-06-26 03:43"
"bp_127","BENCH PRESS","3","bp_127_cam3.mp4","valido","1","","","Francisco","2026-06-26 03:43"
"bp_128","BENCH PRESS","3","bp_128_cam3.mp4","valido","1","","","Francisco","2026-06-26 03:43"
"bp_129","BENCH PRESS","3","bp_129_cam3.mp4","valido","1","","","Francisco","2026-06-26 03:43"
"bp_130","BENCH PRESS","3","bp_130_cam3.mp4","valido","1","","","Francisco","2026-06-26 03:43"
"bp_131","BENCH PRESS","3","bp_131_cam3.mp4","valido","1","","","Francisco","2026-06-26 03:43"
"bp_132","BENCH PRESS","3","bp_132_cam3.mp4","valido","1","","","Francisco","2026-06-26 03:43"
"bp_133","BENCH PRESS","3","bp_133_cam3.mp4","valido","1","","","Francisco","2026-06-26 03:43"
"bp_134","BENCH PRESS","3","bp_134_cam3.mp4","valido","1","","","Francisco","2026-06-26 03:43"
"bp_135","BENCH PRESS","3","bp_135_cam3.mp4","valido","1","","","Francisco","2026-06-26 03:43"
"bp_136","BENCH PRESS","3","bp_136_cam3.mp4","valido","1","","","Francisco","2026-06-26 03:43"
"bp_137","BENCH PRESS","3","bp_137_cam3.mp4","valido","1","","","Francisco","2026-06-26 03:43"
"bp_138","BENCH PRESS","3","bp_138_cam3.mp4","valido","1","","","Francisco","2026-06-26 03:43"
"bp_139","BENCH PRESS","3","bp_139_cam3.mp4","valido","1","","","Francisco","2026-06-26 03:43"
"bp_140","BENCH PRESS","3","bp_140_cam3.mp4","valido","1","","","Francisco","2026-06-26 03:43"
"bp_141","BENCH PRESS","3","bp_141_cam3.mp4","valido","1","","","Francisco","2026-06-26 03:43"
"bp_142","BENCH PRESS","3","bp_142_cam3.mp4","valido","1","","","Francisco","2026-06-26 03:43"
"bp_143","BENCH PRESS","3","bp_143_cam3.mp4","valido","1","","","Francisco","2026-06-26 03:43"
"bp_144","BENCH PRESS","3","bp_144_cam3.mp4","valido","1","","","Francisco","2026-06-26 03:43"
"bp_145","BENCH PRESS","3","bp_145_cam3.mp4","valido","1","","","Francisco","2026-06-26 03:43"
"bp_146","BENCH PRESS","3","bp_146_cam3.mp4","valido","1","","","Francisco","2026-06-26 03:43"
"bp_147","BENCH PRESS","3","bp_147_cam3.mp4","valido","1","","","Francisco","2026-06-26 03:43"
"bp_148","BENCH PRESS","3","bp_148_cam3.mp4","valido","1","","","Francisco","2026-06-26 03:43"
"bp_149","BENCH PRESS","3","bp_149_cam3.mp4","valido","1","","","Francisco","2026-06-26 03:43"
"bp_150","BENCH PRESS","3","bp_150_cam3.mp4","valido","1","","","Francisco","2026-06-26 03:43"
"bp_151","BENCH PRESS","3","bp_151_cam3.mp4","valido","1","","","Francisco","2026-06-26 03:44"
"bp_152","BENCH PRESS","3","bp_152_cam3.mp4","valido","1","","","Francisco","2026-06-26 03:44"
"bp_153","BENCH PRESS","3","bp_153_cam3.mp4","valido","1","","","Francisco","2026-06-26 03:44"
"bp_154","BENCH PRESS","3","bp_154_cam3.mp4","valido","1","","","Francisco","2026-06-26 03:44"
"bp_155","BENCH PRESS","3","bp_155_cam3.mp4","invalido","0","BP-10","No obedecer señal del árbitro en inicio, durante o finalización","Francisco","2026-06-26 03:44"
"bp_156","BENCH PRESS","3","bp_156_cam3.mp4","valido","1","","","Francisco","2026-06-26 03:48"
"bp_157","BENCH PRESS","3","bp_157_cam3.mp4","valido","1","","","Francisco","2026-06-26 03:48"
"bp_158","BENCH PRESS","3","bp_158_cam3.mp4","valido","1","","","Francisco","2026-06-26 03:48"
"bp_159","BENCH PRESS","3","bp_159_cam3.mp4","valido","1","","","Francisco","2026-06-26 03:48"
"bp_160","BENCH PRESS","3","bp_160_cam3.mp4","valido","1","","","Francisco","2026-06-26 03:48"
"bp_161","BENCH PRESS","3","bp_161_cam3.mp4","valido","1","","","Francisco","2026-06-26 03:48"
"bp_162","BENCH PRESS","3","bp_162_cam3.mp4","valido","1","","","Francisco","2026-06-26 03:48"
"bp_163","BENCH PRESS","3","bp_163_cam3.mp4","valido","1","","","Francisco","2026-06-26 03:48"
"bp_164","BENCH PRESS","3","bp_164_cam3.mp4","valido","1","","","Francisco","2026-06-26 03:48"
"bp_165","BENCH PRESS","3","bp_165_cam3.mp4","valido","1","","","Francisco","2026-06-26 03:48"
"bp_166","BENCH PRESS","3","bp_166_cam3.mp4","valido","1","","","Francisco","2026-06-26 03:48"
"bp_167","BENCH PRESS","3","bp_167_cam3.mp4","valido","1","","","Francisco","2026-06-26 03:48"
"bp_168","BENCH PRESS","3","bp_168_cam3.mp4","valido","1","","","Francisco","2026-06-26 03:48"
"bp_169","BENCH PRESS","3","bp_169_cam3.mp4","valido","1","","","Francisco","2026-06-26 03:48"
"bp_170","BENCH PRESS","3","bp_170_cam3.mp4","valido","1","","","Francisco","2026-06-26 03:48"
"bp_171","BENCH PRESS","3","bp_171_cam3.mp4","valido","1","","","Francisco","2026-06-26 03:48"
"bp_172","BENCH PRESS","3","bp_172_cam3.mp4","valido","1","","","Francisco","2026-06-26 03:48"
"bp_173","BENCH PRESS","3","bp_173_cam3.mp4","valido","1","","","Francisco","2026-06-26 03:48"
"bp_174","BENCH PRESS","3","bp_174_cam3.mp4","valido","1","","","Francisco","2026-06-26 03:48"
"bp_175","BENCH PRESS","3","bp_175_cam3.mp4","valido","1","","","Francisco","2026-06-26 03:48"
"bp_176","BENCH PRESS","3","bp_176_cam3.mp4","valido","1","","","Francisco","2026-06-26 03:48"
"bp_177","BENCH PRESS","3","bp_177_cam3.mp4","valido","1","","","Francisco","2026-06-26 03:48"
"bp_178","BENCH PRESS","3","bp_178_cam3.mp4","invalido","0","BP-08","Cabeza, hombros o glúteos se levantan del banco","Francisco","2026-06-26 03:49"
"bp_179","BENCH PRESS","3","bp_179_cam3.mp4","invalido","0","BP-08","Cabeza, hombros o glúteos se levantan del banco","Francisco","2026-06-26 03:49"
"bp_180","BENCH PRESS","3","bp_180_cam3.mp4","invalido","0","BP-03","Movimiento descendente de la barra durante el press","Francisco","2026-06-26 03:49"
"bp_181","BENCH PRESS","3","bp_181_cam3.mp4","valido","1","","","Francisco","2026-06-26 03:49"
"bp_182","BENCH PRESS","3","bp_182_cam3.mp4","invalido","0","BP-08","Cabeza, hombros o glúteos se levantan del banco","Francisco","2026-06-26 03:49"
"bp_183","BENCH PRESS","3","bp_183_cam3.mp4","invalido","0","BP-11","Pies del atleta contactan el banco o sus soportes / levantar los pies","Francisco","2026-06-26 03:51"
"bp_184","BENCH PRESS","3","bp_184_cam3.mp4","invalido","0","BP-11","Pies del atleta contactan el banco o sus soportes / levantar los pies","Francisco","2026-06-26 03:51"
"bp_185","BENCH PRESS","3","bp_185_cam3.mp4","invalido","0","BP-11","Pies del atleta contactan el banco o sus soportes / levantar los pies","Francisco","2026-06-26 03:51"
"bp_186","BENCH PRESS","3","bp_186_cam3.mp4","invalido","0","BP-08","Cabeza, hombros o glúteos se levantan del banco","Francisco","2026-06-26 03:51"
"bp_187","BENCH PRESS","3","bp_187_cam3.mp4","invalido","0","BP-08","Cabeza, hombros o glúteos se levantan del banco","Francisco","2026-06-26 03:52"
"bp_188","BENCH PRESS","3","bp_188_cam3.mp4","valido","1","","","Francisco","2026-06-26 03:53"
"bp_189","BENCH PRESS","3","bp_189_cam3.mp4","valido","1","","","Francisco","2026-06-26 03:53"
"bp_190","BENCH PRESS","3","bp_190_cam3.mp4","valido","1","","","Francisco","2026-06-26 03:53"
"bp_191","BENCH PRESS","3","bp_191_cam3.mp4","invalido","0","BP-11","Pies del atleta contactan el banco o sus soportes / levantar los pies","Francisco","2026-06-26 03:54"
"bp_192","BENCH PRESS","3","bp_192_cam3.mp4","invalido","0","BP-11","Pies del atleta contactan el banco o sus soportes / levantar los pies","Francisco","2026-06-26 03:54"
"bp_193","BENCH PRESS","3","bp_193_cam3.mp4","invalido","0","BP-11","Pies del atleta contactan el banco o sus soportes / levantar los pies","Francisco","2026-06-26 03:54"
"bp_194","BENCH PRESS","3","bp_194_cam3.mp4","invalido","0","BP-11","Pies del atleta contactan el banco o sus soportes / levantar los pies","Francisco","2026-06-26 03:54"
"bp_195","BENCH PRESS","3","bp_195_cam3.mp4","invalido","0","BP-11","Pies del atleta contactan el banco o sus soportes / levantar los pies","Francisco","2026-06-26 03:54"
"bp_196","BENCH PRESS","3","bp_196_cam3.mp4","invalido","0","BP-11","Pies del atleta contactan el banco o sus soportes / levantar los pies","Francisco","2026-06-26 03:54"
"bp_197","BENCH PRESS","3","bp_197_cam3.mp4","invalido","0","BP-11","Pies del atleta contactan el banco o sus soportes / levantar los pies","Francisco","2026-06-26 03:54"
"bp_198","BENCH PRESS","3","bp_198_cam3.mp4","invalido","0","BP-11","Pies del atleta contactan el banco o sus soportes / levantar los pies","Francisco","2026-06-26 03:54"
"bp_199","BENCH PRESS","3","bp_199_cam3.mp4","invalido","0","BP-10","No obedecer señal del árbitro en inicio, durante o finalización","Francisco","2026-06-27 03:21"
"bp_200","BENCH PRESS","3","bp_200_cam3.mp4","invalido","0","BP-10","No obedecer señal del árbitro en inicio, durante o finalización","Francisco","2026-06-27 03:21"
"bp_201","BENCH PRESS","3","bp_201_cam3.mp4","invalido","0","BP-10","No obedecer señal del árbitro en inicio, durante o finalización","Francisco","2026-06-27 03:21"
"bp_202","BENCH PRESS","3","bp_202_cam3.mp4","invalido","0","BP-10","No obedecer señal del árbitro en inicio, durante o finalización","Francisco","2026-06-27 03:21"
"bp_203","BENCH PRESS","3","bp_203_cam3.mp4","invalido","0","BP-11","Pies del atleta contactan el banco o sus soportes / levantar los pies","Francisco","2026-06-27 03:21"
"bp_204","BENCH PRESS","3","bp_204_cam3.mp4","invalido","0","BP-11","Pies del atleta contactan el banco o sus soportes / levantar los pies","Francisco","2026-06-27 03:23"
"bp_205","BENCH PRESS","3","bp_205_cam3.mp4","invalido","0","BP-11","Pies del atleta contactan el banco o sus soportes / levantar los pies","Francisco","2026-06-27 03:23"
"bp_206","BENCH PRESS","3","bp_206_cam3.mp4","invalido","0","BP-11","Pies del atleta contactan el banco o sus soportes / levantar los pies","Francisco","2026-06-27 03:23"
"bp_207","BENCH PRESS","3","bp_207_cam3.mp4","invalido","0","BP-11","Pies del atleta contactan el banco o sus soportes / levantar los pies","Francisco","2026-06-27 03:23"
"bp_208","BENCH PRESS","3","bp_208_cam3.mp4","invalido","0","BP-11","Pies del atleta contactan el banco o sus soportes / levantar los pies","Francisco","2026-06-27 03:23"
"bp_209","BENCH PRESS","3","bp_209_cam3.mp4","invalido","0","BP-11","Pies del atleta contactan el banco o sus soportes / levantar los pies","Francisco","2026-06-27 03:23"
"bp_210","BENCH PRESS","3","bp_210_cam3.mp4","invalido","0","BP-11","Pies del atleta contactan el banco o sus soportes / levantar los pies","Francisco","2026-06-27 03:23"
"bp_211","BENCH PRESS","3","bp_211_cam3.mp4","invalido","0","BP-11","Pies del atleta contactan el banco o sus soportes / levantar los pies","Francisco","2026-06-27 03:23"
"bp_212","BENCH PRESS","3","bp_212_cam3.mp4","invalido","0","BP-11","Pies del atleta contactan el banco o sus soportes / levantar los pies","Francisco","2026-06-27 03:23"
"bp_213","BENCH PRESS","3","bp_213_cam3.mp4","invalido","0","BP-11","Pies del atleta contactan el banco o sus soportes / levantar los pies","Francisco","2026-06-27 03:23"
"bp_214","BENCH PRESS","3","bp_214_cam3.mp4","invalido","0","BP-11","Pies del atleta contactan el banco o sus soportes / levantar los pies","Francisco","2026-06-27 03:23"
"bp_215","BENCH PRESS","3","bp_215_cam3.mp4","invalido","0","BP-10","No obedecer señal del árbitro en inicio, durante o finalización","Francisco","2026-06-27 03:23"
"bp_216","BENCH PRESS","3","bp_216_cam3.mp4","invalido","0","BP-10","No obedecer señal del árbitro en inicio, durante o finalización","Francisco","2026-06-27 03:24"
"bp_217","BENCH PRESS","3","bp_217_cam3.mp4","invalido","0","BP-10","No obedecer señal del árbitro en inicio, durante o finalización","Francisco","2026-06-27 03:24"
"bp_218","BENCH PRESS","3","bp_218_cam3.mp4","invalido","0","BP-10","No obedecer señal del árbitro en inicio, durante o finalización","Francisco","2026-06-27 03:24"
"bp_219","BENCH PRESS","3","bp_219_cam3.mp4","invalido","0","BP-10","No obedecer señal del árbitro en inicio, durante o finalización","Francisco","2026-06-27 03:24"
"bp_220","BENCH PRESS","3","bp_220_cam3.mp4","invalido","0","BP-11","Pies del atleta contactan el banco o sus soportes / levantar los pies","Francisco","2026-06-27 03:24"
"bp_221","BENCH PRESS","3","bp_221_cam3.mp4","invalido","0","BP-11","Pies del atleta contactan el banco o sus soportes / levantar los pies","Francisco","2026-06-27 03:25"
"bp_222","BENCH PRESS","3","bp_222_cam3.mp4","invalido","0","BP-11","Pies del atleta contactan el banco o sus soportes / levantar los pies","Francisco","2026-06-27 03:25"
"bp_223","BENCH PRESS","3","bp_223_cam3.mp4","valido","1","","","Francisco","2026-06-27 03:32"
"bp_224","BENCH PRESS","3","bp_224_cam3.mp4","invalido","0","BP-10","No obedecer señal del árbitro en inicio, durante o finalización","Francisco","2026-06-27 03:32"
"bp_225","BENCH PRESS","3","bp_225_cam3.mp4","invalido","0","BP-10","No obedecer señal del árbitro en inicio, durante o finalización","Francisco","2026-06-27 03:42"
"bp_226","BENCH PRESS","3","bp_226_cam3.mp4","invalido","0","BP-10","No obedecer señal del árbitro en inicio, durante o finalización","Francisco","2026-06-27 03:42"
"bp_227","BENCH PRESS","3","bp_227_cam3.mp4","invalido","0","BP-10","No obedecer señal del árbitro en inicio, durante o finalización","Francisco","2026-06-27 03:43"
"bp_228","BENCH PRESS","3","bp_228_cam3.mp4","invalido","0","BP-10","No obedecer señal del árbitro en inicio, durante o finalización","Francisco","2026-06-27 03:43"
"bp_229","BENCH PRESS","3","bp_229_cam3.mp4","invalido","0","BP-10","No obedecer señal del árbitro en inicio, durante o finalización","Francisco","2026-06-27 03:43"
"bp_230","BENCH PRESS","3","bp_230_cam3.mp4","invalido","0","BP-10","No obedecer señal del árbitro en inicio, durante o finalización","Francisco","2026-06-27 03:43"
"bp_231","BENCH PRESS","3","bp_231_cam3.mp4","invalido","0","BP-10","No obedecer señal del árbitro en inicio, durante o finalización","Francisco","2026-06-27 03:43"
"bp_232","BENCH PRESS","3","bp_232_cam3.mp4","valido","1","","","Francisco","2026-06-27 03:43"
"bp_233","BENCH PRESS","3","bp_233_cam3.mp4","invalido","0","BP-10","No obedecer señal del árbitro en inicio, durante o finalización","Francisco","2026-06-27 03:44"
"bp_234","BENCH PRESS","3","bp_234_cam3.mp4","invalido","0","BP-10","No obedecer señal del árbitro en inicio, durante o finalización","Francisco","2026-06-27 03:44"
"bp_235","BENCH PRESS","3","bp_235_cam3.mp4","invalido","0","BP-10","No obedecer señal del árbitro en inicio, durante o finalización","Francisco","2026-06-27 03:44"
"bp_236","BENCH PRESS","3","bp_236_cam3.mp4","invalido","0","BP-10","No obedecer señal del árbitro en inicio, durante o finalización","Francisco","2026-06-27 03:44"
"bp_237","BENCH PRESS","3","bp_237_cam3.mp4","invalido","0","BP-10","No obedecer señal del árbitro en inicio, durante o finalización","Francisco","2026-06-27 03:44"
"bp_238","BENCH PRESS","3","bp_238_cam3.mp4","invalido","0","BP-10","No obedecer señal del árbitro en inicio, durante o finalización","Francisco","2026-06-27 03:44"
"bp_239","BENCH PRESS","3","bp_239_cam3.mp4","valido","1","","","Francisco","2026-06-27 03:44"
"bp_240","BENCH PRESS","3","bp_240_cam3.mp4","valido","1","","","Francisco","2026-06-27 03:45"
"bp_241","BENCH PRESS","3","bp_241_cam3.mp4","valido","1","","","Francisco","2026-06-27 03:45"
"bp_242","BENCH PRESS","3","bp_242_cam3.mp4","valido","1","","","Francisco","2026-06-27 03:45"
"bp_243","BENCH PRESS","3","bp_243_cam3.mp4","invalido","0","BP-11","Pies del atleta contactan el banco o sus soportes / levantar los pies","Francisco","2026-06-27 03:46"
"bp_244","BENCH PRESS","3","bp_244_cam3.mp4","invalido","0","BP-11","Pies del atleta contactan el banco o sus soportes / levantar los pies","Francisco","2026-06-27 03:46"
"bp_245","BENCH PRESS","3","bp_245_cam3.mp4","invalido","0","BP-11","Pies del atleta contactan el banco o sus soportes / levantar los pies","Francisco","2026-06-27 03:46"
"bp_246","BENCH PRESS","3","bp_246_cam3.mp4","invalido","0","BP-08","Cabeza, hombros o glúteos se levantan del banco","Francisco","2026-06-27 03:46"
"bp_247","BENCH PRESS","3","bp_247_cam3.mp4","invalido","0","BP-01","La barra no desciende al pecho/abdomen o toca el cinturón","Francisco","2026-06-27 03:46"
"bp_248","BENCH PRESS","3","bp_248_cam3.mp4","invalido","0","BP-01","La barra no desciende al pecho/abdomen o toca el cinturón","Francisco","2026-06-27 04:06"
"bp_249","BENCH PRESS","3","bp_249_cam3.mp4","invalido","0","BP-01","La barra no desciende al pecho/abdomen o toca el cinturón","Francisco","2026-06-27 04:06"
"bp_250","BENCH PRESS","3","bp_250_cam3.mp4","invalido","0","BP-01","La barra no desciende al pecho/abdomen o toca el cinturón","Francisco","2026-06-27 04:06"
"bp_251","BENCH PRESS","3","bp_251_cam3.mp4","invalido","0","BP-01","La barra no desciende al pecho/abdomen o toca el cinturón","Francisco","2026-06-27 04:06"
"bp_252","BENCH PRESS","3","bp_252_cam3.mp4","invalido","0","BP-01","La barra no desciende al pecho/abdomen o toca el cinturón","Francisco","2026-06-27 04:06"
"bp_253","BENCH PRESS","3","bp_253_cam3.mp4","invalido","0","BP-01","La barra no desciende al pecho/abdomen o toca el cinturón","Francisco","2026-06-27 04:06"
"bp_254","BENCH PRESS","3","bp_254_cam3.mp4","invalido","0","BP-01","La barra no desciende al pecho/abdomen o toca el cinturón","Francisco","2026-06-27 04:06"
"bp_255","BENCH PRESS","3","bp_255_cam3.mp4","invalido","0","BP-01","La barra no desciende al pecho/abdomen o toca el cinturón","Francisco","2026-06-27 04:06"
"bp_256","BENCH PRESS","3","bp_256_cam3.mp4","invalido","0","BP-01","La barra no desciende al pecho/abdomen o toca el cinturón","Francisco","2026-06-27 04:06"
"bp_257","BENCH PRESS","3","bp_257_cam3.mp4","invalido","0","BP-01","La barra no desciende al pecho/abdomen o toca el cinturón","Francisco","2026-06-27 04:06"
"bp_258","BENCH PRESS","3","bp_258_cam3.mp4","invalido","0","BP-01","La barra no desciende al pecho/abdomen o toca el cinturón","Francisco","2026-06-27 04:06"
"bp_259","BENCH PRESS","3","bp_259_cam3.mp4","invalido","0","BP-01","La barra no desciende al pecho/abdomen o toca el cinturón","Francisco","2026-06-27 04:06"
"bp_260","BENCH PRESS","3","bp_260_cam3.mp4","invalido","0","BP-01","La barra no desciende al pecho/abdomen o toca el cinturón","Francisco","2026-06-27 04:06"
"bp_261","BENCH PRESS","3","bp_261_cam3.mp4","invalido","0","BP-01","La barra no desciende al pecho/abdomen o toca el cinturón","Francisco","2026-06-27 04:07"
"bp_262","BENCH PRESS","3","bp_262_cam3.mp4","invalido","0","BP-01","La barra no desciende al pecho/abdomen o toca el cinturón","Francisco","2026-06-27 04:07"
"bp_263","BENCH PRESS","3","bp_263_cam3.mp4","invalido","0","BP-01","La barra no desciende al pecho/abdomen o toca el cinturón","Francisco","2026-06-27 04:07"
"bp_264","BENCH PRESS","3","bp_264_cam3.mp4","invalido","0","BP-01","La barra no desciende al pecho/abdomen o toca el cinturón","Francisco","2026-06-27 04:07"
"bp_265","BENCH PRESS","3","bp_265_cam3.mp4","invalido","0","BP-01","La barra no desciende al pecho/abdomen o toca el cinturón","Francisco","2026-06-27 04:07"
"bp_266","BENCH PRESS","3","bp_266_cam3.mp4","invalido","0","BP-01","La barra no desciende al pecho/abdomen o toca el cinturón","Francisco","2026-06-27 04:07"
"bp_267","BENCH PRESS","3","bp_267_cam3.mp4","invalido","0","BP-01","La barra no desciende al pecho/abdomen o toca el cinturón","Francisco","2026-06-27 04:07"
"bp_268","BENCH PRESS","3","bp_268_cam3.mp4","invalido","0","BP-01","La barra no desciende al pecho/abdomen o toca el cinturón","Francisco","2026-06-27 04:07"
"bp_269","BENCH PRESS","3","bp_269_cam3.mp4","invalido","0","BP-01","La barra no desciende al pecho/abdomen o toca el cinturón","Francisco","2026-06-27 04:07"
"bp_270","BENCH PRESS","3","bp_270_cam3.mp4","invalido","0","BP-01","La barra no desciende al pecho/abdomen o toca el cinturón","Francisco","2026-06-27 04:07"
"bp_271","BENCH PRESS","3","bp_271_cam3.mp4","invalido","0","BP-01","La barra no desciende al pecho/abdomen o toca el cinturón","Francisco","2026-06-27 04:07"
"bp_272","BENCH PRESS","3","bp_272_cam3.mp4","invalido","0","BP-01","La barra no desciende al pecho/abdomen o toca el cinturón","Francisco","2026-06-27 04:07"
"bp_273","BENCH PRESS","3","bp_273_cam3.mp4","invalido","0","BP-01","La barra no desciende al pecho/abdomen o toca el cinturón","Francisco","2026-06-27 04:07"
"bp_274","BENCH PRESS","3","bp_274_cam3.mp4","invalido","0","BP-01","La barra no desciende al pecho/abdomen o toca el cinturón","Francisco","2026-06-27 04:07"
"bp_275","BENCH PRESS","3","bp_275_cam3.mp4","invalido","0","BP-01","La barra no desciende al pecho/abdomen o toca el cinturón","Francisco","2026-06-27 04:07"
"bp_276","BENCH PRESS","3","bp_276_cam3.mp4","invalido","0","BP-01","La barra no desciende al pecho/abdomen o toca el cinturón","Francisco","2026-06-27 04:07"
"bp_277","BENCH PRESS","3","bp_277_cam3.mp4","invalido","0","BP-01","La barra no desciende al pecho/abdomen o toca el cinturón","Francisco","2026-06-27 04:07"
"bp_278","BENCH PRESS","3","bp_278_cam3.mp4","invalido","0","BP-01","La barra no desciende al pecho/abdomen o toca el cinturón","Francisco","2026-06-27 04:07"
"bp_279","BENCH PRESS","3","bp_279_cam3.mp4","invalido","0","BP-01","La barra no desciende al pecho/abdomen o toca el cinturón","Francisco","2026-06-27 04:07"
"bp_280","BENCH PRESS","3","bp_280_cam3.mp4","invalido","0","BP-01","La barra no desciende al pecho/abdomen o toca el cinturón","Francisco","2026-06-27 04:07"
"bp_281","BENCH PRESS","3","bp_281_cam3.mp4","invalido","0","BP-01","La barra no desciende al pecho/abdomen o toca el cinturón","Francisco","2026-06-27 04:07"
"bp_282","BENCH PRESS","3","bp_282_cam3.mp4","invalido","0","BP-01","La barra no desciende al pecho/abdomen o toca el cinturón","Francisco","2026-06-27 04:07"
"bp_283","BENCH PRESS","3","bp_283_cam3.mp4","invalido","0","BP-01","La barra no desciende al pecho/abdomen o toca el cinturón","Francisco","2026-06-27 04:07"
"bp_284","BENCH PRESS","3","bp_284_cam3.mp4","invalido","0","BP-01","La barra no desciende al pecho/abdomen o toca el cinturón","Francisco","2026-06-27 04:07"
"bp_285","BENCH PRESS","3","bp_285_cam3.mp4","invalido","0","BP-01","La barra no desciende al pecho/abdomen o toca el cinturón","Francisco","2026-06-27 04:07"
"bp_286","BENCH PRESS","3","bp_286_cam3.mp4","invalido","0","BP-01","La barra no desciende al pecho/abdomen o toca el cinturón","Francisco","2026-06-27 04:07"
"bp_287","BENCH PRESS","3","bp_287_cam3.mp4","invalido","0","BP-10","No obedecer señal del árbitro en inicio, durante o finalización","Francisco","2026-06-27 04:08"
"bp_288","BENCH PRESS","3","bp_288_cam3.mp4","invalido","0","BP-10","No obedecer señal del árbitro en inicio, durante o finalización","Francisco","2026-06-27 04:08"
"bp_289","BENCH PRESS","3","bp_289_cam3.mp4","invalido","0","BP-10","No obedecer señal del árbitro en inicio, durante o finalización","Francisco","2026-06-27 04:08"
"bp_290","BENCH PRESS","3","bp_290_cam3.mp4","invalido","0","BP-10","No obedecer señal del árbitro en inicio, durante o finalización","Francisco","2026-06-27 04:08"
"bp_291","BENCH PRESS","3","bp_291_cam3.mp4","invalido","0","BP-08","Cabeza, hombros o glúteos se levantan del banco","Francisco","2026-06-27 04:08"
"bp_292","BENCH PRESS","3","bp_292_cam3.mp4","invalido","0","BP-08","Cabeza, hombros o glúteos se levantan del banco","Francisco","2026-06-27 04:09"
"bp_293","BENCH PRESS","3","bp_293_cam3.mp4","invalido","0","BP-08|BP-01","Cabeza, hombros o glúteos se levantan del banco | La barra no desciende al pecho/abdomen o toca el cinturón","Francisco","2026-06-27 04:09"
"bp_294","BENCH PRESS","3","bp_294_cam3.mp4","invalido","0","BP-01|BP-08","La barra no desciende al pecho/abdomen o toca el cinturón | Cabeza, hombros o glúteos se levantan del banco","Francisco","2026-06-27 04:10"
"bp_295","BENCH PRESS","3","bp_295_cam3.mp4","invalido","0","BP-01|BP-08","La barra no desciende al pecho/abdomen o toca el cinturón | Cabeza, hombros o glúteos se levantan del banco","Francisco","2026-06-27 04:10"
"bp_296","BENCH PRESS","3","bp_296_cam3.mp4","invalido","0","BP-08|BP-01","Cabeza, hombros o glúteos se levantan del banco | La barra no desciende al pecho/abdomen o toca el cinturón","Francisco","2026-06-27 04:10"
"bp_297","BENCH PRESS","3","bp_297_cam3.mp4","invalido","0","BP-08|BP-01","Cabeza, hombros o glúteos se levantan del banco | La barra no desciende al pecho/abdomen o toca el cinturón","Francisco","2026-06-27 04:10"
"bp_298","BENCH PRESS","3","bp_298_cam3.mp4","invalido","0","BP-01|BP-08","La barra no desciende al pecho/abdomen o toca el cinturón | Cabeza, hombros o glúteos se levantan del banco","Francisco","2026-06-27 04:10"
"bp_299","BENCH PRESS","3","bp_299_cam3.mp4","invalido","0","BP-01|BP-08","La barra no desciende al pecho/abdomen o toca el cinturón | Cabeza, hombros o glúteos se levantan del banco","Francisco","2026-06-27 04:10"
"bp_300","BENCH PRESS","3","bp_300_cam3.mp4","invalido","0","BP-01|BP-08","La barra no desciende al pecho/abdomen o toca el cinturón | Cabeza, hombros o glúteos se levantan del banco","Francisco","2026-06-27 04:10"
"bp_301","BENCH PRESS","3","bp_301_cam3.mp4","invalido","0","BP-01|BP-08","La barra no desciende al pecho/abdomen o toca el cinturón | Cabeza, hombros o glúteos se levantan del banco","Francisco","2026-06-27 04:10"
"bp_302","BENCH PRESS","3","bp_302_cam3.mp4","invalido","0","BP-08|BP-01","Cabeza, hombros o glúteos se levantan del banco | La barra no desciende al pecho/abdomen o toca el cinturón","Francisco","2026-06-27 04:10"
"bp_303","BENCH PRESS","3","bp_303_cam3.mp4","invalido","0","BP-08|BP-01","Cabeza, hombros o glúteos se levantan del banco | La barra no desciende al pecho/abdomen o toca el cinturón","Francisco","2026-06-27 04:12"
"bp_304","BENCH PRESS","3","bp_304_cam3.mp4","invalido","0","BP-08|BP-01","Cabeza, hombros o glúteos se levantan del banco | La barra no desciende al pecho/abdomen o toca el cinturón","Francisco","2026-06-27 04:12"
"bp_305","BENCH PRESS","3","bp_305_cam3.mp4","invalido","0","BP-08|BP-01","Cabeza, hombros o glúteos se levantan del banco | La barra no desciende al pecho/abdomen o toca el cinturón","Francisco","2026-06-27 04:12"
"bp_306","BENCH PRESS","3","bp_306_cam3.mp4","invalido","0","BP-08|BP-01","Cabeza, hombros o glúteos se levantan del banco | La barra no desciende al pecho/abdomen o toca el cinturón","Francisco","2026-06-27 04:12"
"bp_307","BENCH PRESS","3","bp_307_cam3.mp4","invalido","0","BP-10","No obedecer señal del árbitro en inicio, durante o finalización","Francisco","2026-06-27 04:12"
"bp_308","BENCH PRESS","3","bp_308_cam3.mp4","invalido","0","","","Francisco","2026-06-27 04:13"
"bp_309","BENCH PRESS","3","bp_309_cam3.mp4","valido","1","","","Francisco","2026-06-27 04:13"
"bp_310","BENCH PRESS","3","bp_310_cam3.mp4","valido","1","","","Francisco","2026-06-27 04:13"
"bp_311","BENCH PRESS","3","bp_311_cam3.mp4","invalido","0","BP-03","Movimiento descendente de la barra durante el press","Francisco","2026-06-27 04:13"
"bp_312","BENCH PRESS","3","bp_312_cam3.mp4","valido","1","","","Francisco","2026-06-27 04:14"
"bp_313","BENCH PRESS","3","bp_313_cam3.mp4","invalido","0","BP-03","Movimiento descendente de la barra durante el press","Francisco","2026-06-27 04:14"
"bp_314","BENCH PRESS","3","bp_314_cam3.mp4","invalido","0","BP-03","Movimiento descendente de la barra durante el press","Francisco","2026-06-27 04:15"
"bp_315","BENCH PRESS","3","bp_315_cam3.mp4","invalido","0","BP-03","Movimiento descendente de la barra durante el press","Francisco","2026-06-27 04:16"
"bp_316","BENCH PRESS","3","bp_316_cam3.mp4","invalido","0","BP-03","Movimiento descendente de la barra durante el press","Francisco","2026-06-27 04:16"
"bp_317","BENCH PRESS","3","bp_317_cam3.mp4","invalido","0","BP-03","Movimiento descendente de la barra durante el press","Francisco","2026-06-27 04:16"
"bp_318","BENCH PRESS","3","bp_318_cam3.mp4","invalido","0","BP-03","Movimiento descendente de la barra durante el press","Francisco","2026-06-27 04:16"
"bp_319","BENCH PRESS","3","bp_319_cam3.mp4","invalido","0","BP-08","Cabeza, hombros o glúteos se levantan del banco","Francisco","2026-06-27 04:16"
"bp_320","BENCH PRESS","3","bp_320_cam3.mp4","invalido","0","BP-01","La barra no desciende al pecho/abdomen o toca el cinturón","Francisco","2026-06-27 04:20"
"bp_321","BENCH PRESS","3","bp_321_cam3.mp4","invalido","0","BP-01","La barra no desciende al pecho/abdomen o toca el cinturón","Francisco","2026-06-27 04:20"
"bp_322","BENCH PRESS","3","bp_322_cam3.mp4","invalido","0","BP-01|BP-03","La barra no desciende al pecho/abdomen o toca el cinturón | Movimiento descendente de la barra durante el press","Francisco","2026-06-27 04:20"
"bp_323","BENCH PRESS","3","bp_323_cam3.mp4","invalido","0","BP-10","No obedecer señal del árbitro en inicio, durante o finalización","Francisco","2026-06-27 04:20"
"bp_324","BENCH PRESS","3","bp_324_cam3.mp4","valido","1","","","Francisco","2026-06-27 04:20"
"bp_325","BENCH PRESS","3","bp_325_cam3.mp4","valido","1","","","Francisco","2026-06-27 04:21"
"bp_326","BENCH PRESS","3","bp_326_cam3.mp4","valido","1","","","Francisco","2026-06-27 04:21"
"bp_327","BENCH PRESS","3","bp_327_cam3.mp4","valido","1","","","Francisco","2026-06-27 04:21"
"bp_328","BENCH PRESS","3","bp_328_cam3.mp4","invalido","0","BP-08","Cabeza, hombros o glúteos se levantan del banco","Francisco","2026-06-27 04:21"
"bp_329","BENCH PRESS","3","bp_329_cam3.mp4","invalido","0","BP-08","Cabeza, hombros o glúteos se levantan del banco","Francisco","2026-06-27 04:23"
"bp_330","BENCH PRESS","3","bp_330_cam3.mp4","invalido","0","BP-08","Cabeza, hombros o glúteos se levantan del banco","Francisco","2026-06-27 04:23"
"bp_331","BENCH PRESS","3","bp_331_cam3.mp4","invalido","0","BP-08","Cabeza, hombros o glúteos se levantan del banco","Francisco","2026-06-27 04:23"
"bp_332","BENCH PRESS","3","bp_332_cam3.mp4","invalido","0","BP-08","Cabeza, hombros o glúteos se levantan del banco","Francisco","2026-06-27 04:23"
"bp_333","BENCH PRESS","3","bp_333_cam3.mp4","invalido","0","BP-08","Cabeza, hombros o glúteos se levantan del banco","Francisco","2026-06-27 04:23"
"bp_334","BENCH PRESS","3","bp_334_cam3.mp4","invalido","0","BP-08","Cabeza, hombros o glúteos se levantan del banco","Francisco","2026-06-27 04:23"
"bp_335","BENCH PRESS","3","bp_335_cam3.mp4","invalido","0","BP-08","Cabeza, hombros o glúteos se levantan del banco","Francisco","2026-06-27 04:23"
"bp_336","BENCH PRESS","3","bp_336_cam3.mp4","invalido","0","BP-08","Cabeza, hombros o glúteos se levantan del banco","Francisco","2026-06-27 04:23"
"bp_337","BENCH PRESS","3","bp_337_cam3.mp4","invalido","0","BP-08","Cabeza, hombros o glúteos se levantan del banco","Francisco","2026-06-27 04:23"
"bp_338","BENCH PRESS","3","bp_338_cam3.mp4","invalido","0","BP-08","Cabeza, hombros o glúteos se levantan del banco","Francisco","2026-06-27 04:23"
"bp_339","BENCH PRESS","3","bp_339_cam3.mp4","invalido","0","BP-08","Cabeza, hombros o glúteos se levantan del banco","Francisco","2026-06-27 04:23"
"bp_340","BENCH PRESS","3","bp_340_cam3.mp4","invalido","0","BP-01","La barra no desciende al pecho/abdomen o toca el cinturón","Francisco","2026-06-27 04:25"
"bp_341","BENCH PRESS","3","bp_341_cam3.mp4","invalido","0","BP-01","La barra no desciende al pecho/abdomen o toca el cinturón","Francisco","2026-06-27 04:25"
"bp_342","BENCH PRESS","3","bp_342_cam3.mp4","invalido","0","BP-01","La barra no desciende al pecho/abdomen o toca el cinturón","Francisco","2026-06-27 04:25"
"bp_343","BENCH PRESS","3","bp_343_cam3.mp4","invalido","0","BP-01","La barra no desciende al pecho/abdomen o toca el cinturón","Francisco","2026-06-27 04:25"
"bp_344","BENCH PRESS","3","bp_344_cam3.mp4","invalido","0","BP-01","La barra no desciende al pecho/abdomen o toca el cinturón","Francisco","2026-06-27 04:25"
"bp_345","BENCH PRESS","3","bp_345_cam3.mp4","invalido","0","BP-01","La barra no desciende al pecho/abdomen o toca el cinturón","Francisco","2026-06-27 04:25"
"bp_346","BENCH PRESS","3","bp_346_cam3.mp4","invalido","0","BP-01","La barra no desciende al pecho/abdomen o toca el cinturón","Francisco","2026-06-27 04:25"
"bp_347","BENCH PRESS","3","bp_347_cam3.mp4","invalido","0","BP-01","La barra no desciende al pecho/abdomen o toca el cinturón","Francisco","2026-06-27 04:25"
"bp_348","BENCH PRESS","3","bp_348_cam3.mp4","invalido","0","BP-01","La barra no desciende al pecho/abdomen o toca el cinturón","Francisco","2026-06-27 04:25"
"bp_349","BENCH PRESS","3","bp_349_cam3.mp4","invalido","0","BP-01","La barra no desciende al pecho/abdomen o toca el cinturón","Francisco","2026-06-27 04:25"
"bp_350","BENCH PRESS","3","bp_350_cam3.mp4","invalido","0","BP-01","La barra no desciende al pecho/abdomen o toca el cinturón","Francisco","2026-06-27 04:25"
"bp_351","BENCH PRESS","3","bp_351_cam3.mp4","invalido","0","BP-01","La barra no desciende al pecho/abdomen o toca el cinturón","Francisco","2026-06-27 04:25"
"bp_352","BENCH PRESS","3","bp_352_cam3.mp4","invalido","0","BP-01","La barra no desciende al pecho/abdomen o toca el cinturón","Francisco","2026-06-27 04:25"
"bp_353","BENCH PRESS","3","bp_353_cam3.mp4","invalido","0","BP-02","Los codos no bajan al nivel o por debajo de la superficie superior de los hombros","Francisco","2026-06-27 04:25"
"bp_354","BENCH PRESS","3","bp_354_cam3.mp4","invalido","0","","","Francisco","2026-06-27 04:26"
"bp_355","BENCH PRESS","3","bp_355_cam3.mp4","invalido","0","BP-03","Movimiento descendente de la barra durante el press","Francisco","2026-06-27 04:26"
"bp_356","BENCH PRESS","3","bp_356_cam3.mp4","invalido","0","BP-03","Movimiento descendente de la barra durante el press","Francisco","2026-06-27 04:27"
"bp_357","BENCH PRESS","3","bp_357_cam3.mp4","invalido","0","BP-03","Movimiento descendente de la barra durante el press","Francisco","2026-06-27 04:27"
"bp_358","BENCH PRESS","3","bp_358_cam3.mp4","invalido","0","BP-03","Movimiento descendente de la barra durante el press","Francisco","2026-06-27 04:27"
"bp_359","BENCH PRESS","3","bp_359_cam3.mp4","invalido","0","BP-03","Movimiento descendente de la barra durante el press","Francisco","2026-06-27 04:27"
"bp_360","BENCH PRESS","3","bp_360_cam3.mp4","invalido","0","BP-03","Movimiento descendente de la barra durante el press","Francisco","2026-06-27 04:27"
"bp_361","BENCH PRESS","3","bp_361_cam3.mp4","invalido","0","BP-03","Movimiento descendente de la barra durante el press","Francisco","2026-06-27 04:27"
"bp_362","BENCH PRESS","3","bp_362_cam3.mp4","invalido","0","BP-03","Movimiento descendente de la barra durante el press","Francisco","2026-06-27 04:27"
"bp_363","BENCH PRESS","3","bp_363_cam3.mp4","invalido","0","BP-03","Movimiento descendente de la barra durante el press","Francisco","2026-06-27 04:27"
"bp_364","BENCH PRESS","3","bp_364_cam3.mp4","invalido","0","BP-08","Cabeza, hombros o glúteos se levantan del banco","Francisco","2026-06-27 04:27"
"bp_365","BENCH PRESS","3","bp_365_cam3.mp4","invalido","0","BP-08","Cabeza, hombros o glúteos se levantan del banco","Francisco","2026-06-27 04:28"
"bp_366","BENCH PRESS","3","bp_366_cam3.mp4","invalido","0","BP-08","Cabeza, hombros o glúteos se levantan del banco","Francisco","2026-06-27 04:28"
"bp_367","BENCH PRESS","3","bp_367_cam3.mp4","invalido","0","BP-03","Movimiento descendente de la barra durante el press","Francisco","2026-06-27 04:29"
"bp_368","BENCH PRESS","3","bp_368_cam3.mp4","invalido","0","BP-03","Movimiento descendente de la barra durante el press","Francisco","2026-06-27 04:29"
"bp_369","BENCH PRESS","3","bp_369_cam3.mp4","invalido","0","BP-10","No obedecer señal del árbitro en inicio, durante o finalización","Francisco","2026-06-27 04:29"
"bp_370","BENCH PRESS","3","bp_370_cam3.mp4","invalido","0","BP-08","Cabeza, hombros o glúteos se levantan del banco","Francisco","2026-06-27 04:30"
"bp_371","BENCH PRESS","3","bp_371_cam3.mp4","invalido","0","BP-08","Cabeza, hombros o glúteos se levantan del banco","Francisco","2026-06-27 04:30"
"bp_372","BENCH PRESS","3","bp_372_cam3.mp4","invalido","0","BP-08","Cabeza, hombros o glúteos se levantan del banco","Francisco","2026-06-27 04:30"
"bp_373","BENCH PRESS","3","bp_373_cam3.mp4","invalido","0","BP-08","Cabeza, hombros o glúteos se levantan del banco","Francisco","2026-06-27 04:30"
"bp_374","BENCH PRESS","3","bp_374_cam3.mp4","invalido","0","BP-08","Cabeza, hombros o glúteos se levantan del banco","Francisco","2026-06-27 04:30"
"bp_375","BENCH PRESS","3","bp_375_cam3.mp4","valido","1","","","Francisco","2026-06-27 04:30"
"bp_376","BENCH PRESS","3","bp_376_cam3.mp4","valido","1","","","Francisco","2026-06-27 04:31"
"bp_377","BENCH PRESS","3","bp_377_cam3.mp4","valido","1","","","Francisco","2026-06-27 04:31"
"bp_378","BENCH PRESS","3","bp_378_cam3.mp4","valido","1","","","Francisco","2026-06-27 04:31"
"bp_379","BENCH PRESS","3","bp_379_cam3.mp4","valido","1","","","Francisco","2026-06-27 04:31"
"bp_380","BENCH PRESS","3","bp_380_cam3.mp4","invalido","0","BP-01","La barra no desciende al pecho/abdomen o toca el cinturón","Francisco","2026-06-27 04:32"
"bp_381","BENCH PRESS","3","bp_381_cam3.mp4","valido","1","","","Francisco","2026-06-27 04:32"
"bp_382","BENCH PRESS","3","bp_382_cam3.mp4","invalido","0","BP-02","Los codos no bajan al nivel o por debajo de la superficie superior de los hombros","Francisco","2026-06-27 04:32"
"bp_383","BENCH PRESS","3","bp_383_cam3.mp4","invalido","0","BP-02","Los codos no bajan al nivel o por debajo de la superficie superior de los hombros","Francisco","2026-06-27 04:32"
"bp_384","BENCH PRESS","3","bp_384_cam3.mp4","invalido","0","BP-02","Los codos no bajan al nivel o por debajo de la superficie superior de los hombros","Francisco","2026-06-27 04:33"
"bp_385","BENCH PRESS","3","bp_385_cam3.mp4","invalido","0","BP-02","Los codos no bajan al nivel o por debajo de la superficie superior de los hombros","Francisco","2026-06-27 04:33"
"bp_386","BENCH PRESS","3","bp_386_cam3.mp4","invalido","0","BP-02","Los codos no bajan al nivel o por debajo de la superficie superior de los hombros","Francisco","2026-06-27 04:33"
"bp_387","BENCH PRESS","3","bp_387_cam3.mp4","invalido","0","BP-03","Movimiento descendente de la barra durante el press","Francisco","2026-06-27 04:33"
"bp_388","BENCH PRESS","3","bp_388_cam3.mp4","invalido","0","BP-11","Pies del atleta contactan el banco o sus soportes / levantar los pies","Francisco","2026-06-27 04:33"
"bp_389","BENCH PRESS","3","bp_389_cam3.mp4","valido","1","","","Francisco","2026-06-27 04:34"
"bp_390","BENCH PRESS","3","bp_390_cam3.mp4","invalido","0","BP-03","Movimiento descendente de la barra durante el press","Francisco","2026-06-27 04:34"
"bp_391","BENCH PRESS","3","bp_391_cam3.mp4","invalido","0","BP-08","Cabeza, hombros o glúteos se levantan del banco","Francisco","2026-06-27 04:34"
"bp_392","BENCH PRESS","3","bp_392_cam3.mp4","invalido","0","BP-03","Movimiento descendente de la barra durante el press","Francisco","2026-06-27 04:35"
"bp_393","BENCH PRESS","3","bp_393_cam3.mp4","invalido","0","BP-03","Movimiento descendente de la barra durante el press","Francisco","2026-06-27 04:35"
"bp_394","BENCH PRESS","3","bp_394_cam3.mp4","invalido","0","BP-07","Empuje del torso para iniciar el movimiento ascendente desde el pecho","Francisco","2026-06-27 04:35"
"bp_395","BENCH PRESS","3","bp_395_cam3.mp4","invalido","0","BP-11","Pies del atleta contactan el banco o sus soportes / levantar los pies","Francisco","2026-06-27 20:21"
"bp_396","BENCH PRESS","3","bp_396_cam3.mp4","valido","1","","","Francisco","2026-06-27 20:21"
"bp_397","BENCH PRESS","3","bp_397_cam3.mp4","valido","1","","","Francisco","2026-06-27 20:22"
"bp_398","BENCH PRESS","3","bp_398_cam3.mp4","valido","1","","","Francisco","2026-06-27 20:23"
"bp_399","BENCH PRESS","3","bp_399_cam3.mp4","valido","1","","","Francisco","2026-06-27 20:23"
"bp_400","BENCH PRESS","3","bp_400_cam3.mp4","valido","1","","","Francisco","2026-06-27 20:23"
"bp_401","BENCH PRESS","3","bp_401_cam3.mp4","valido","1","","","Francisco","2026-06-27 20:23"
"bp_402","BENCH PRESS","3","bp_402_cam3.mp4","valido","1","","","Francisco","2026-06-27 20:23"
"bp_403","BENCH PRESS","3","bp_403_cam3.mp4","invalido","0","BP-10","No obedecer señal del árbitro en inicio, durante o finalización","Francisco","2026-06-27 20:23"
"bp_404","BENCH PRESS","3","bp_404_cam3.mp4","invalido","0","BP-10","No obedecer señal del árbitro en inicio, durante o finalización","Francisco","2026-06-27 20:26"
"bp_405","BENCH PRESS","3","bp_405_cam3.mp4","invalido","0","BP-10","No obedecer señal del árbitro en inicio, durante o finalización","Francisco","2026-06-27 20:26"
"bp_406","BENCH PRESS","3","bp_406_cam3.mp4","invalido","0","BP-10","No obedecer señal del árbitro en inicio, durante o finalización","Francisco","2026-06-27 20:26"
"bp_407","BENCH PRESS","3","bp_407_cam3.mp4","invalido","0","BP-10","No obedecer señal del árbitro en inicio, durante o finalización","Francisco","2026-06-27 20:26"
"bp_408","BENCH PRESS","3","bp_408_cam3.mp4","invalido","0","BP-10","No obedecer señal del árbitro en inicio, durante o finalización","Francisco","2026-06-27 20:26"
"bp_409","BENCH PRESS","3","bp_409_cam3.mp4","invalido","0","BP-10","No obedecer señal del árbitro en inicio, durante o finalización","Francisco","2026-06-27 20:26"
"bp_410","BENCH PRESS","3","bp_410_cam3.mp4","valido","1","","","Francisco","2026-06-27 20:26"
"bp_411","BENCH PRESS","3","bp_411_cam3.mp4","valido","1","","","Francisco","2026-06-27 20:29"
"bp_412","BENCH PRESS","3","bp_412_cam3.mp4","valido","1","","","Francisco","2026-06-27 20:29"
"bp_413","BENCH PRESS","3","bp_413_cam3.mp4","valido","1","","","Francisco","2026-06-27 20:29"
"bp_414","BENCH PRESS","3","bp_414_cam3.mp4","invalido","0","BP-10","No obedecer señal del árbitro en inicio, durante o finalización","Francisco","2026-06-27 20:29"
"bp_415","BENCH PRESS","3","bp_415_cam3.mp4","valido","1","","","Francisco","2026-06-27 20:33"
"bp_416","BENCH PRESS","3","bp_416_cam3.mp4","valido","1","","","Francisco","2026-06-27 20:33"
"bp_417","BENCH PRESS","3","bp_417_cam3.mp4","valido","1","","","Francisco","2026-06-27 20:33"
"bp_418","BENCH PRESS","3","bp_418_cam3.mp4","valido","1","","","Francisco","2026-06-27 20:33"
"bp_419","BENCH PRESS","3","bp_419_cam3.mp4","valido","1","","","Francisco","2026-06-27 20:33"
"bp_420","BENCH PRESS","3","bp_420_cam3.mp4","valido","1","","","Francisco","2026-06-27 20:33"
"bp_421","BENCH PRESS","3","bp_421_cam3.mp4","valido","1","","","Francisco","2026-06-27 20:33"
"bp_422","BENCH PRESS","3","bp_422_cam3.mp4","valido","1","","","Francisco","2026-06-27 20:33"
"bp_423","BENCH PRESS","3","bp_423_cam3.mp4","valido","1","","","Francisco","2026-06-27 20:33"
"bp_424","BENCH PRESS","3","bp_424_cam3.mp4","invalido","0","BP-08","Cabeza, hombros o glúteos se levantan del banco","Francisco","2026-06-27 20:33"
"bp_425","BENCH PRESS","3","bp_425_cam3.mp4","invalido","0","BP-08","Cabeza, hombros o glúteos se levantan del banco","Francisco","2026-06-27 20:34"
"bp_426","BENCH PRESS","3","bp_426_cam3.mp4","invalido","0","BP-01","La barra no desciende al pecho/abdomen o toca el cinturón","Francisco","2026-06-27 20:34"
"bp_427","BENCH PRESS","3","bp_427_cam3.mp4","invalido","0","BP-01","La barra no desciende al pecho/abdomen o toca el cinturón","Francisco","2026-06-27 20:35"
"bp_428","BENCH PRESS","3","bp_428_cam3.mp4","invalido","0","BP-01","La barra no desciende al pecho/abdomen o toca el cinturón","Francisco","2026-06-27 20:35"
"bp_429","BENCH PRESS","3","bp_429_cam3.mp4","invalido","0","BP-03","Movimiento descendente de la barra durante el press","Francisco","2026-06-27 20:35"
"bp_430","BENCH PRESS","3","bp_430_cam3.mp4","invalido","0","BP-03","Movimiento descendente de la barra durante el press","Francisco","2026-06-27 20:35"
"bp_431","BENCH PRESS","3","bp_431_cam3.mp4","valido","1","","","Francisco","2026-06-27 20:35"
"bp_432","BENCH PRESS","3","bp_432_cam3.mp4","valido","1","","","Francisco","2026-06-27 20:36"
"bp_433","BENCH PRESS","3","bp_433_cam3.mp4","valido","1","","","Francisco","2026-06-27 20:36"
"bp_434","BENCH PRESS","3","bp_434_cam3.mp4","invalido","0","BP-10","No obedecer señal del árbitro en inicio, durante o finalización","Francisco","2026-06-27 20:36"
"bp_435","BENCH PRESS","3","bp_435_cam3.mp4","invalido","0","BP-10","No obedecer señal del árbitro en inicio, durante o finalización","Francisco","2026-06-27 20:37"
"bp_436","BENCH PRESS","3","bp_436_cam3.mp4","invalido","0","BP-10","No obedecer señal del árbitro en inicio, durante o finalización","Francisco","2026-06-27 20:37"
"bp_437","BENCH PRESS","3","bp_437_cam3.mp4","invalido","0","BP-10","No obedecer señal del árbitro en inicio, durante o finalización","Francisco","2026-06-27 20:37"
"bp_438","BENCH PRESS","3","bp_438_cam3.mp4","invalido","0","BP-10","No obedecer señal del árbitro en inicio, durante o finalización","Francisco","2026-06-27 20:37"
"bp_439","BENCH PRESS","3","bp_439_cam3.mp4","invalido","0","BP-10","No obedecer señal del árbitro en inicio, durante o finalización","Francisco","2026-06-27 20:37"
"bp_440","BENCH PRESS","3","bp_440_cam3.mp4","valido","1","","","Francisco","2026-06-27 20:37"
"bp_441","BENCH PRESS","3","bp_441_cam3.mp4","invalido","0","BP-08","Cabeza, hombros o glúteos se levantan del banco","Francisco","2026-06-27 20:38"
"bp_442","BENCH PRESS","3","bp_442_cam3.mp4","invalido","0","BP-08","Cabeza, hombros o glúteos se levantan del banco","Francisco","2026-06-27 20:38"
"bp_443","BENCH PRESS","3","bp_443_cam3.mp4","invalido","0","BP-03","Movimiento descendente de la barra durante el press","Francisco","2026-06-27 20:38"
"bp_444","BENCH PRESS","3","bp_444_cam3.mp4","invalido","0","BP-03","Movimiento descendente de la barra durante el press","Francisco","2026-06-27 20:38"
"bp_445","BENCH PRESS","3","bp_445_cam3.mp4","invalido","0","BP-08","Cabeza, hombros o glúteos se levantan del banco","Francisco","2026-06-27 20:38"
"bp_446","BENCH PRESS","3","bp_446_cam3.mp4","invalido","0","BP-01","La barra no desciende al pecho/abdomen o toca el cinturón","Francisco","2026-06-27 20:39"
"bp_447","BENCH PRESS","3","bp_447_cam3.mp4","invalido","0","BP-01","La barra no desciende al pecho/abdomen o toca el cinturón","Francisco","2026-06-27 20:39"
"bp_448","BENCH PRESS","3","bp_448_cam3.mp4","invalido","0","BP-01","La barra no desciende al pecho/abdomen o toca el cinturón","Francisco","2026-06-27 20:39"
"bp_449","BENCH PRESS","3","bp_449_cam3.mp4","invalido","0","BP-01","La barra no desciende al pecho/abdomen o toca el cinturón","Francisco","2026-06-27 20:39"
"bp_450","BENCH PRESS","3","bp_450_cam3.mp4","invalido","0","BP-01","La barra no desciende al pecho/abdomen o toca el cinturón","Francisco","2026-06-27 20:39"
"bp_451","BENCH PRESS","3","bp_451_cam3.mp4","invalido","0","BP-03","Movimiento descendente de la barra durante el press","Francisco","2026-06-27 20:39"
"bp_452","BENCH PRESS","3","bp_452_cam3.mp4","invalido","0","BP-01","La barra no desciende al pecho/abdomen o toca el cinturón","Francisco","2026-06-27 20:40"
"bp_453","BENCH PRESS","3","bp_453_cam3.mp4","invalido","0","BP-10","No obedecer señal del árbitro en inicio, durante o finalización","Francisco","2026-06-27 20:40"
"bp_454","BENCH PRESS","3","bp_454_cam3.mp4","invalido","0","BP-10","No obedecer señal del árbitro en inicio, durante o finalización","Francisco","2026-06-27 20:40"
"bp_455","BENCH PRESS","3","bp_455_cam3.mp4","invalido","0","BP-10","No obedecer señal del árbitro en inicio, durante o finalización","Francisco","2026-06-27 20:41"
"bp_456","BENCH PRESS","3","bp_456_cam3.mp4","invalido","0","BP-10","No obedecer señal del árbitro en inicio, durante o finalización","Francisco","2026-06-27 20:41"
"bp_457","BENCH PRESS","3","bp_457_cam3.mp4","invalido","0","","","Francisco","2026-06-27 20:41"
"bp_458","BENCH PRESS","3","bp_458_cam3.mp4","invalido","0","","","Francisco","2026-06-27 20:41"
"bp_459","BENCH PRESS","3","bp_459_cam3.mp4","invalido","0","","","Francisco","2026-06-27 20:41"
"bp_460","BENCH PRESS","3","bp_460_cam3.mp4","invalido","0","","","Francisco","2026-06-27 20:41"
"bp_461","BENCH PRESS","3","bp_461_cam3.mp4","invalido","0","","","Francisco","2026-06-27 20:41"
"bp_462","BENCH PRESS","3","bp_462_cam3.mp4","valido","1","","","Francisco","2026-06-27 20:41"
"bp_463","BENCH PRESS","3","bp_463_cam3.mp4","valido","1","","","Francisco","2026-06-27 20:41"
"bp_464","BENCH PRESS","3","bp_464_cam3.mp4","invalido","0","","","Francisco","2026-06-27 20:42"
"bp_465","BENCH PRESS","3","bp_465_cam3.mp4","invalido","0","","","Francisco","2026-06-27 20:42"
"bp_466","BENCH PRESS","3","bp_466_cam3.mp4","invalido","0","","","Francisco","2026-06-27 20:42"
"bp_467","BENCH PRESS","3","bp_467_cam3.mp4","invalido","0","","","Francisco","2026-06-27 20:42"
"bp_468","BENCH PRESS","3","bp_468_cam3.mp4","invalido","0","BP-08","Cabeza, hombros o glúteos se levantan del banco","Francisco","2026-06-27 20:43"
"bp_469","BENCH PRESS","3","bp_469_cam3.mp4","invalido","0","BP-08","Cabeza, hombros o glúteos se levantan del banco","Francisco","2026-06-27 20:43"
"bp_470","BENCH PRESS","3","bp_470_cam3.mp4","invalido","0","BP-08","Cabeza, hombros o glúteos se levantan del banco","Francisco","2026-06-27 20:43"
"bp_471","BENCH PRESS","3","bp_471_cam3.mp4","invalido","0","BP-08","Cabeza, hombros o glúteos se levantan del banco","Francisco","2026-06-27 20:43"
"bp_472","BENCH PRESS","3","bp_472_cam3.mp4","invalido","0","BP-08","Cabeza, hombros o glúteos se levantan del banco","Francisco","2026-06-27 20:43"
"bp_473","BENCH PRESS","3","bp_473_cam3.mp4","invalido","0","BP-08","Cabeza, hombros o glúteos se levantan del banco","Francisco","2026-06-27 20:43"
"bp_474","BENCH PRESS","3","bp_474_cam3.mp4","invalido","0","BP-03","Movimiento descendente de la barra durante el press","Francisco","2026-06-27 20:43"
"bp_475","BENCH PRESS","3","bp_475_cam3.mp4","invalido","0","BP-03","Movimiento descendente de la barra durante el press","Francisco","2026-06-27 20:44"
"bp_476","BENCH PRESS","3","bp_476_cam3.mp4","invalido","0","BP-03","Movimiento descendente de la barra durante el press","Francisco","2026-06-27 20:44"
"bp_477","BENCH PRESS","3","bp_477_cam3.mp4","valido","1","","","Francisco","2026-06-27 20:44"
"bp_478","BENCH PRESS","3","bp_478_cam3.mp4","invalido","0","BP-01","La barra no desciende al pecho/abdomen o toca el cinturón","Francisco","2026-06-27 20:44"
"bp_479","BENCH PRESS","3","bp_479_cam3.mp4","invalido","0","BP-03","Movimiento descendente de la barra durante el press","Francisco","2026-06-27 20:44"
"bp_480","BENCH PRESS","3","bp_480_cam3.mp4","invalido","0","BP-03","Movimiento descendente de la barra durante el press","Francisco","2026-06-27 20:45"
"bp_481","BENCH PRESS","3","bp_481_cam3.mp4","valido","1","","","Francisco","2026-06-27 20:45"
"bp_482","BENCH PRESS","3","bp_482_cam3.mp4","invalido","0","BP-10","No obedecer señal del árbitro en inicio, durante o finalización","Francisco","2026-06-27 20:45"
"bp_483","BENCH PRESS","3","bp_483_cam3.mp4","valido","1","","","Francisco","2026-06-27 20:45"
"bp_484","BENCH PRESS","3","bp_484_cam3.mp4","valido","1","","","Francisco","2026-06-27 20:46"
"bp_485","BENCH PRESS","3","bp_485_cam3.mp4","valido","1","","","Francisco","2026-06-27 20:46"
"bp_486","BENCH PRESS","3","bp_486_cam3.mp4","valido","1","","","Francisco","2026-06-27 20:46"
"bp_487","BENCH PRESS","3","bp_487_cam3.mp4","valido","1","","","Francisco","2026-06-27 20:46"
"bp_488","BENCH PRESS","3","bp_488_cam3.mp4","valido","1","","","Francisco","2026-06-27 20:46"
"bp_489","BENCH PRESS","3","bp_489_cam3.mp4","invalido","0","","","Francisco","2026-06-27 20:46"
"bp_490","BENCH PRESS","3","bp_490_cam3.mp4","invalido","0","","","Francisco","2026-06-27 20:46"
"bp_491","BENCH PRESS","3","bp_491_cam3.mp4","invalido","0","","","Francisco","2026-06-27 20:46"
"bp_492","BENCH PRESS","3","bp_492_cam3.mp4","invalido","0","","","Francisco","2026-06-27 20:46"
"bp_493","BENCH PRESS","3","bp_493_cam3.mp4","valido","1","","","Francisco","2026-06-27 20:46"
"bp_494","BENCH PRESS","3","bp_494_cam3.mp4","valido","1","","","Francisco","2026-06-27 20:47"